doctor_id,doctor_name,department,experience_years,qualification,hospital_id
DOC0001,Aryan Maharaj,Gynecology,8,MBBS,HOS095
DOC0002,Udant Dewan,Oncology,16,"MBBS, MD",HOS018
DOC0003,Gagan Sami,Urology,7,"MBBS, MCh",HOS095
DOC0004,Ayushman Chander,Emergency Medicine,35,MBBS,HOS076
DOC0005,Viraj Tiwari,Nephrology,3,MBBS,HOS012
DOC0006,Rushil Saini,Orthopedics,15,"MBBS, DM",HOS078
DOC0007,Saumya Mall,General Medicine,13,"MBBS, MCh",HOS084
DOC0008,Nathaniel Sami,Urology,35,"MBBS, DNB",HOS029
DOC0009,Arunima Dugal,Gastroenterology,18,MBBS,HOS098
DOC0010,Gayathri Chaudry,Psychiatry,11,"MBBS, MCh",HOS055
DOC0011,Lajita Chatterjee,Pulmonology,18,"MBBS, MD",HOS028
DOC0012,Hemangini Lalla,Psychiatry,22,MBBS,HOS012
DOC0013,Tripti Yadav,Nephrology,7,"MBBS, MS",HOS109
DOC0014,Kritika Brar,Pulmonology,17,MBBS,HOS094
DOC0015,Janaki Handa,Gastroenterology,35,MBBS,HOS119
DOC0016,Chakradev Kari,Nephrology,6,"MBBS, DM",HOS038
DOC0017,Fariq Kaul,Radiology,24,"MBBS, DM",HOS025
DOC0018,Lajita Mall,Urology,5,MBBS,HOS085
DOC0019,Janya Gaba,Orthopedics,19,MBBS,HOS110
DOC0020,Isha Kadakia,Orthopedics,7,"MBBS, DNB",HOS036
DOC0021,Ekbal Garg,Gastroenterology,24,"MBBS, MD",HOS048
DOC0022,Nihal Shere,Pulmonology,14,"MBBS, MCh",HOS035
DOC0023,Anamika Kanda,Urology,5,"MBBS, DM",HOS082
DOC0024,Daksh Karnik,Neurology,35,"MBBS, MCh",HOS032
DOC0025,Diya Rattan,Neurology,30,"MBBS, DNB",HOS035
DOC0026,Dominic Kakar,Emergency Medicine,15,"MBBS, MCh",HOS042
DOC0027,Simon Tata,Radiology,4,"MBBS, MD",HOS106
DOC0028,Tara Dhar,General Medicine,21,"MBBS, DNB",HOS035
DOC0029,Liam Koshy,Cardiology,14,"MBBS, DM",HOS113
DOC0030,Priya Rastogi,Urology,21,"MBBS, MD",HOS084
DOC0031,Theodore Devi,Gastroenterology,26,"MBBS, MCh",HOS059
DOC0032,Gavin Batta,Neurology,17,"MBBS, MD",HOS032
DOC0033,Michael Dutta,Urology,35,"MBBS, MS",HOS096
DOC0034,Devansh Rajan,ENT,28,"MBBS, DM",HOS052
DOC0035,Upadhriti Wadhwa,Pulmonology,15,"MBBS, MD",HOS066
DOC0036,Advay Contractor,Gastroenterology,6,MBBS,HOS111
DOC0037,Harini Choudhury,Cardiology,10,"MBBS, MCh",HOS021
DOC0038,Radhika Dugar,Psychiatry,28,"MBBS, DM",HOS009
DOC0039,Aarush Lall,Nephrology,25,"MBBS, DM",HOS060
DOC0040,Yashica Cherian,Dermatology,17,"MBBS, DM",HOS111
DOC0041,Yashica Issac,General Medicine,8,"MBBS, MCh",HOS114
DOC0042,Kashvi Edwin,Dermatology,18,"MBBS, MCh",HOS044
DOC0043,Ekiya Suresh,Cardiology,19,"MBBS, DNB",HOS021
DOC0044,Isaac Patil,Gastroenterology,1,"MBBS, MCh",HOS113
DOC0045,Wriddhish Bhardwaj,Urology,17,"MBBS, DM",HOS098
DOC0046,Farhan Chada,Neurology,33,MBBS,HOS112
DOC0047,Ekapad Walia,Gynecology,20,"MBBS, MCh",HOS065
DOC0048,Kabir Soman,ENT,13,"MBBS, MD",HOS048
DOC0049,Alka Wable,Psychiatry,11,"MBBS, DM",HOS100
DOC0050,Siddharth Zacharia,Emergency Medicine,34,MBBS,HOS077
DOC0051,Devika Rastogi,Pulmonology,32,MBBS,HOS015
DOC0052,Raksha Varughese,Emergency Medicine,24,"MBBS, MS",HOS031
DOC0053,Jai Kota,General Medicine,16,"MBBS, DM",HOS011
DOC0054,Devansh Nigam,Cardiology,32,MBBS,HOS098
DOC0055,Victor Kannan,Dermatology,9,"MBBS, MD",HOS085
DOC0056,Ekavir Bhargava,Gastroenterology,11,"MBBS, MS",HOS068
DOC0057,Ekansh Balay,Radiology,28,"MBBS, MD",HOS119
DOC0058,Ekavir Varkey,Dermatology,13,"MBBS, MCh",HOS040
DOC0059,Arya Sunder,Nephrology,24,"MBBS, DNB",HOS116
DOC0060,Kevin Solanki,Dermatology,29,MBBS,HOS032
DOC0061,Urvashi Ray,Orthopedics,5,"MBBS, MS",HOS003
DOC0062,Girindra Chatterjee,ENT,15,"MBBS, DM",HOS029
DOC0063,Irya Sampath,General Medicine,5,"MBBS, MCh",HOS081
DOC0064,Unni Bhagat,General Medicine,15,MBBS,HOS116
DOC0065,Darsh Rau,General Medicine,22,MBBS,HOS066
DOC0066,Ikbal Kothari,Orthopedics,18,"MBBS, MCh",HOS063
DOC0067,Ranveer Yadav,Orthopedics,35,"MBBS, MD",HOS093
DOC0068,Logan Sami,Emergency Medicine,31,"MBBS, MD",HOS101
DOC0069,Arya Shere,Gastroenterology,27,"MBBS, MD",HOS013
DOC0070,Faqid Savant,Cardiology,28,"MBBS, MS",HOS055
DOC0071,Chandresh Zachariah,Nephrology,30,"MBBS, MCh",HOS007
DOC0072,Girik Khalsa,Gynecology,7,MBBS,HOS052
DOC0073,Niharika Sunder,Urology,22,MBBS,HOS032
DOC0074,Tanay Rattan,Orthopedics,13,"MBBS, DM",HOS058
DOC0075,Nitesh Raghavan,Neurology,28,"MBBS, MD",HOS036
DOC0076,Madhavi Lanka,Gastroenterology,16,MBBS,HOS057
DOC0077,Bhavika Sampath,Psychiatry,7,MBBS,HOS084
DOC0078,Mohammed Gupta,Dermatology,1,MBBS,HOS119
DOC0079,Teerth Bhardwaj,Psychiatry,16,"MBBS, MD",HOS053
DOC0080,Dipta Bhandari,Gastroenterology,31,"MBBS, MD",HOS111
DOC0081,Vansha Thakkar,Nephrology,4,"MBBS, MD",HOS049
DOC0082,Dakshesh Trivedi,General Medicine,25,"MBBS, MS",HOS119
DOC0083,Quincy Biswas,Psychiatry,30,"MBBS, MS",HOS055
DOC0084,Wahab Raval,Urology,32,"MBBS, MD",HOS025
DOC0085,Yatin Baral,Oncology,14,MBBS,HOS075
DOC0086,Oni Virk,Urology,35,MBBS,HOS096
DOC0087,Advika Jayaraman,Pulmonology,4,MBBS,HOS075
DOC0088,William Lanka,Gastroenterology,33,"MBBS, DM",HOS021
DOC0089,Karan Mital,General Medicine,33,MBBS,HOS109
DOC0090,Diya Bora,Neurology,5,"MBBS, DM",HOS009
DOC0091,Tara Chaudhry,Gynecology,16,"MBBS, DNB",HOS016
DOC0092,Tanay Toor,Emergency Medicine,16,"MBBS, DM",HOS077
DOC0093,Kevin Palla,General Medicine,6,"MBBS, DNB",HOS085
DOC0094,Yash Pingle,ENT,34,"MBBS, MS",HOS120
DOC0095,Nakul Sarma,Oncology,14,"MBBS, MCh",HOS092
DOC0096,Abhiram Mistry,Pulmonology,16,"MBBS, MS",HOS051
DOC0097,Krish Lalla,Neurology,20,"MBBS, DNB",HOS041
DOC0098,Hredhaan Dugal,Emergency Medicine,5,MBBS,HOS059
DOC0099,Baghyawati Kade,ENT,7,MBBS,HOS069
DOC0100,Samar Lalla,Orthopedics,33,"MBBS, MS",HOS017
DOC0101,Zayan Behl,Emergency Medicine,23,MBBS,HOS113
DOC0102,Pallavi Malhotra,Orthopedics,24,"MBBS, MS",HOS021
DOC0103,Aarush Nath,Gastroenterology,35,"MBBS, MCh",HOS039
DOC0104,Adweta Edwin,ENT,34,MBBS,HOS086
DOC0105,Prisha Andra,Radiology,20,"MBBS, MCh",HOS014
DOC0106,Faqid Dixit,Emergency Medicine,9,"MBBS, MS",HOS015
DOC0107,Kala Divan,Emergency Medicine,7,"MBBS, MCh",HOS071
DOC0108,Joshua Barman,Neurology,18,"MBBS, MS",HOS078
DOC0109,Janya Baral,Orthopedics,22,"MBBS, MD",HOS088
DOC0110,Shivansh Krish,Gynecology,17,"MBBS, DM",HOS063
DOC0111,Irya Ray,Oncology,4,MBBS,HOS082
DOC0112,Warjas Gaba,Nephrology,18,MBBS,HOS001
DOC0113,Nitara Bakshi,Pulmonology,9,"MBBS, MCh",HOS034
DOC0114,Gaurangi Sabharwal,Neurology,29,"MBBS, DM",HOS091
DOC0115,Amara Dutta,Nephrology,1,MBBS,HOS010
DOC0116,Lavanya Barad,Emergency Medicine,10,"MBBS, DM",HOS005
DOC0117,Tristan Iyengar,Radiology,24,"MBBS, DM",HOS071
DOC0118,Inaya Mody,Neurology,28,"MBBS, MD",HOS006
DOC0119,Udant Bajwa,Oncology,24,MBBS,HOS116
DOC0120,Mohini Narasimhan,Pulmonology,14,"MBBS, MCh",HOS032
DOC0121,Ekaraj Mallick,Gynecology,7,"MBBS, MS",HOS100
DOC0122,Yashodhara Ratta,Dermatology,27,"MBBS, DM",HOS096
DOC0123,Ayaan D’Alia,Neurology,16,"MBBS, MD",HOS103
DOC0124,Pranav Lanka,Psychiatry,12,"MBBS, DNB",HOS004
DOC0125,Ikbal Saraf,Neurology,22,"MBBS, DNB",HOS103
DOC0126,Dipta Sarin,Gynecology,16,"MBBS, MS",HOS021
DOC0127,Lekha Gupta,Psychiatry,7,"MBBS, DNB",HOS112
DOC0128,Chaitanya Sarin,General Medicine,31,"MBBS, MD",HOS026
DOC0129,Zinal Yohannan,Radiology,30,"MBBS, MS",HOS040
DOC0130,Januja Sankar,Radiology,15,"MBBS, MD",HOS004
DOC0131,Ganga Murthy,Gynecology,13,"MBBS, DNB",HOS043
DOC0132,Charita Tripathi,Oncology,5,"MBBS, MS",HOS045
DOC0133,Nilima Narain,Gynecology,33,"MBBS, DNB",HOS087
DOC0134,Chakrika Datta,Radiology,35,"MBBS, MS",HOS004
DOC0135,Osha Raghavan,Cardiology,17,"MBBS, MD",HOS075
DOC0136,Charvi Ravi,Oncology,3,MBBS,HOS077
DOC0137,Daksha Mangat,Nephrology,23,"MBBS, MCh",HOS101
DOC0138,Qushi Nagy,Pulmonology,28,"MBBS, DM",HOS066
DOC0139,Riya Sathe,Cardiology,25,"MBBS, DM",HOS025
DOC0140,Yasti Solanki,Oncology,3,"MBBS, MCh",HOS056
DOC0141,Frado Mander,General Medicine,34,"MBBS, DM",HOS088
DOC0142,Girik Keer,Urology,13,"MBBS, MS",HOS056
DOC0143,Umang Issac,Cardiology,22,"MBBS, DM",HOS041
DOC0144,Aryan Batra,Gynecology,8,"MBBS, MCh",HOS116
DOC0145,Vaishnavi Bora,Oncology,33,"MBBS, MS",HOS086
DOC0146,Oeshi Hayer,Nephrology,21,"MBBS, DNB",HOS090
DOC0147,Warda Ratta,Oncology,9,"MBBS, MD",HOS054
DOC0148,Manbir Ahluwalia,Gynecology,25,"MBBS, MCh",HOS096
DOC0149,Pavani Kanda,Emergency Medicine,12,"MBBS, DM",HOS073
DOC0150,Zarna Shetty,Oncology,26,"MBBS, DM",HOS107
DOC0151,Zaid Dara,General Medicine,20,"MBBS, MS",HOS027
DOC0152,Kiaan Shetty,Nephrology,21,"MBBS, DNB",HOS057
DOC0153,Saanvi Thaman,Gastroenterology,14,"MBBS, DM",HOS061
DOC0154,Sanaya Dutt,Psychiatry,11,"MBBS, MCh",HOS011
DOC0155,Shivani Lad,Oncology,33,"MBBS, MCh",HOS082
DOC0156,Aradhana Verma,ENT,22,MBBS,HOS105
DOC0157,William Maharaj,Psychiatry,16,"MBBS, MCh",HOS040
DOC0158,Faras Mangal,Orthopedics,13,"MBBS, MD",HOS004
DOC0159,Anita Nayak,General Medicine,16,"MBBS, DNB",HOS079
DOC0160,Faris Devi,Radiology,5,"MBBS, DNB",HOS054
DOC0161,Vihaan Rajagopal,Emergency Medicine,13,"MBBS, MCh",HOS090
DOC0162,Tanish Bhatt,Nephrology,32,"MBBS, DNB",HOS032
DOC0163,Nikita Narayanan,Neurology,1,MBBS,HOS100
DOC0164,Ojasvi Bhatia,Nephrology,15,"MBBS, MD",HOS103
DOC0165,Osha Ramachandran,Urology,34,"MBBS, DNB",HOS007
DOC0166,Lajita Sood,Dermatology,16,MBBS,HOS059
DOC0167,Indira Misra,Neurology,30,"MBBS, MCh",HOS068
DOC0168,Oni Yohannan,Dermatology,21,"MBBS, DNB",HOS079
DOC0169,Vinaya Kanda,Radiology,33,"MBBS, DNB",HOS107
DOC0170,Rajata Sunder,Emergency Medicine,29,"MBBS, MD",HOS096
DOC0171,Lopa Nayar,Radiology,31,"MBBS, DNB",HOS034
DOC0172,Noah Sibal,Psychiatry,16,"MBBS, MCh",HOS036
DOC0173,Avi Ramesh,Psychiatry,34,"MBBS, DNB",HOS081
DOC0174,Fiyaz Sangha,Orthopedics,18,"MBBS, DNB",HOS010
DOC0175,Triya Gopal,Urology,19,"MBBS, MD",HOS035
DOC0176,Abha Raghavan,Pulmonology,21,"MBBS, DM",HOS011
DOC0177,Siddharth Sha,Neurology,10,"MBBS, MD",HOS050
DOC0178,Geetika Raghavan,Urology,10,"MBBS, MCh",HOS028
DOC0179,Oviya Krishnan,Cardiology,27,"MBBS, DNB",HOS043
DOC0180,Upma Bahl,Dermatology,30,"MBBS, DNB",HOS008
DOC0181,Inaya Kapur,Orthopedics,27,"MBBS, DNB",HOS116
DOC0182,Banjeet Balasubramanian,Psychiatry,2,"MBBS, DM",HOS049
DOC0183,Ryan Bahri,Gastroenterology,1,"MBBS, MS",HOS039
DOC0184,William Date,Psychiatry,25,"MBBS, DNB",HOS069
DOC0185,Ishwar Kamdar,Urology,35,"MBBS, DM",HOS115
DOC0186,Aahana Pillay,Orthopedics,32,"MBBS, MD",HOS035
DOC0187,Ishwar Gade,Nephrology,32,MBBS,HOS050
DOC0188,Hritik Bal,Pulmonology,26,"MBBS, MCh",HOS022
DOC0189,Keya Ranganathan,Radiology,30,"MBBS, MD",HOS080
DOC0190,Faqid Kibe,Dermatology,2,"MBBS, DNB",HOS076
DOC0191,Charvi Dara,ENT,2,MBBS,HOS083
DOC0192,Idika Walia,Nephrology,9,"MBBS, DNB",HOS024
DOC0193,Kamala Biswas,General Medicine,17,"MBBS, DNB",HOS042
DOC0194,Advik Salvi,Orthopedics,30,"MBBS, MS",HOS044
DOC0195,Hitesh Sant,Psychiatry,25,"MBBS, MS",HOS097
DOC0196,Tripti Dua,Radiology,27,"MBBS, MS",HOS107
DOC0197,Patrick Vig,Cardiology,31,MBBS,HOS096
DOC0198,Veda Shroff,Dermatology,4,"MBBS, MS",HOS029
DOC0199,Amrita Naidu,Gynecology,5,"MBBS, MCh",HOS006
DOC0200,Gabriel Mallick,Psychiatry,2,"MBBS, MD",HOS026
DOC0201,Yagnesh Shetty,Radiology,2,"MBBS, DM",HOS020
DOC0202,Gayathri Balakrishnan,Orthopedics,9,"MBBS, DNB",HOS086
DOC0203,Ekta Gopal,Cardiology,14,"MBBS, DNB",HOS090
DOC0204,Simon Pant,Oncology,24,"MBBS, MD",HOS078
DOC0205,Harini Mammen,ENT,8,"MBBS, MD",HOS040
DOC0206,Advaith Varughese,Cardiology,2,"MBBS, MS",HOS074
DOC0207,Frederick Khurana,Gynecology,25,"MBBS, DNB",HOS092
DOC0208,Vrinda Khosla,Orthopedics,5,"MBBS, DM",HOS089
DOC0209,Vritti Sem,Radiology,16,MBBS,HOS090
DOC0210,Girik Menon,Psychiatry,20,"MBBS, MCh",HOS077
DOC0211,Nidhi Kohli,Psychiatry,8,"MBBS, DM",HOS101
DOC0212,Jyoti Solanki,General Medicine,23,"MBBS, DM",HOS055
DOC0213,Pavani Narayanan,Gynecology,24,MBBS,HOS065
DOC0214,Sudiksha Madan,Gynecology,22,MBBS,HOS109
DOC0215,Zayan Kashyap,Nephrology,32,MBBS,HOS056
DOC0216,Reyansh Mutti,Pulmonology,30,"MBBS, MCh",HOS020
DOC0217,Qasim Handa,Nephrology,12,"MBBS, MCh",HOS067
DOC0218,Veda Malhotra,Gynecology,18,"MBBS, DM",HOS104
DOC0219,Harish Hari,Emergency Medicine,35,"MBBS, DNB",HOS060
DOC0220,Utkarsh Patel,Nephrology,18,"MBBS, MS",HOS110
DOC0221,Chasmum Atwal,Orthopedics,6,"MBBS, MS",HOS113
DOC0222,Anusha Bath,Gastroenterology,16,"MBBS, DNB",HOS073
DOC0223,Brinda Date,ENT,25,"MBBS, MS",HOS004
DOC0224,Harshil Arora,Gastroenterology,21,"MBBS, MD",HOS063
DOC0225,Upasna Srinivas,Orthopedics,23,"MBBS, MS",HOS044
DOC0226,Harini Gour,Oncology,18,"MBBS, DM",HOS002
DOC0227,Zayyan Sridhar,Dermatology,13,MBBS,HOS031
DOC0228,Dhruv Rattan,Urology,27,"MBBS, DNB",HOS072
DOC0229,Ethan Bera,Psychiatry,16,"MBBS, MCh",HOS061
DOC0230,Manthan Modi,Gynecology,32,"MBBS, DNB",HOS102
DOC0231,Yuvraj Dani,General Medicine,6,"MBBS, MS",HOS029
DOC0232,Upkaar Virk,Nephrology,16,"MBBS, MS",HOS085
DOC0233,Shravya Savant,ENT,24,"MBBS, DNB",HOS071
DOC0234,Pushti Mody,Dermatology,23,"MBBS, DNB",HOS096
DOC0235,Hardik Johal,Dermatology,22,"MBBS, MS",HOS090
DOC0236,Aishani Bumb,Gastroenterology,18,"MBBS, MS",HOS033
DOC0237,Wriddhish Ghose,Orthopedics,8,"MBBS, MCh",HOS025
DOC0238,Naksh Agate,Pulmonology,8,"MBBS, MCh",HOS069
DOC0239,Shravya Singhal,Psychiatry,12,"MBBS, MD",HOS028
DOC0240,Bachittar Kata,Urology,31,"MBBS, MS",HOS093
DOC0241,Barkha Setty,ENT,34,"MBBS, DM",HOS037
DOC0242,Vivaan Lalla,Cardiology,13,"MBBS, MS",HOS030
DOC0243,Pavani Contractor,Pulmonology,12,"MBBS, MS",HOS002
DOC0244,Manthan Lata,Urology,35,"MBBS, MD",HOS036
DOC0245,Ekbal Bhasin,General Medicine,4,"MBBS, DM",HOS038
DOC0246,Damyanti Mani,Urology,9,"MBBS, MCh",HOS112
DOC0247,Jeet Sidhu,Psychiatry,32,MBBS,HOS112
DOC0248,Neha Magar,General Medicine,19,"MBBS, DNB",HOS062
DOC0249,Raksha Buch,Gastroenterology,22,"MBBS, MD",HOS007
DOC0250,Rachana Naidu,Oncology,31,MBBS,HOS106
DOC0251,Atharv Chand,Cardiology,26,"MBBS, DNB",HOS010
DOC0252,Ansh Luthra,ENT,4,"MBBS, MD",HOS020
DOC0253,Parth Singhal,Psychiatry,20,MBBS,HOS032
DOC0254,Arunima Golla,Cardiology,27,"MBBS, DM",HOS077
DOC0255,Vyanjana Chand,Psychiatry,15,"MBBS, DM",HOS049
DOC0256,Ijaya Rege,Gastroenterology,29,"MBBS, MS",HOS111
DOC0257,Ekani Cheema,ENT,28,"MBBS, MS",HOS073
DOC0258,Forum Sabharwal,ENT,4,"MBBS, DM",HOS095
DOC0259,Bhavya Rattan,Cardiology,14,"MBBS, MCh",HOS028
DOC0260,Suhani Chakrabarti,Oncology,6,"MBBS, MD",HOS031
DOC0261,Zayyan Naik,Neurology,5,"MBBS, MD",HOS001
DOC0262,Netra Varkey,Nephrology,29,"MBBS, MCh",HOS077
DOC0263,Turvi Sachdev,Gastroenterology,19,MBBS,HOS030
DOC0264,Raghav Vasa,Oncology,19,"MBBS, MCh",HOS111
DOC0265,Wishi Sathe,Gastroenterology,5,"MBBS, MCh",HOS030
DOC0266,Samar Loke,Emergency Medicine,17,"MBBS, MCh",HOS076
DOC0267,Bhavna Sarma,Gynecology,13,"MBBS, DNB",HOS015
DOC0268,Jairaj Balakrishnan,Dermatology,15,"MBBS, MCh",HOS020
DOC0269,Nathan Mukhopadhyay,Emergency Medicine,18,"MBBS, MD",HOS010
DOC0270,Nikita Chander,General Medicine,11,"MBBS, MS",HOS077
DOC0271,Ishaan Shenoy,Urology,19,"MBBS, DNB",HOS016
DOC0272,Mitesh Tara,Gastroenterology,20,"MBBS, MCh",HOS052
DOC0273,Yashodhara Mahajan,Oncology,33,"MBBS, DM",HOS064
DOC0274,Vasudha Sodhi,Gastroenterology,6,"MBBS, DM",HOS006
DOC0275,Tanmayi Dhillon,Emergency Medicine,28,"MBBS, MCh",HOS042
DOC0276,Rayaan Trivedi,ENT,17,MBBS,HOS012
DOC0277,Ekaraj Majumdar,Orthopedics,2,"MBBS, MCh",HOS106
DOC0278,Harini Tripathi,Oncology,3,"MBBS, MD",HOS061
DOC0279,Aarnav Mandal,Dermatology,29,"MBBS, MS",HOS024
DOC0280,Vrishti Dixit,ENT,28,"MBBS, MCh",HOS105
DOC0281,Veda Pai,Gastroenterology,6,"MBBS, DNB",HOS045
DOC0282,Krishna Shah,Nephrology,22,"MBBS, MS",HOS086
DOC0283,Ranbir Khare,Cardiology,11,"MBBS, MS",HOS053
DOC0284,Vivaan Roy,Urology,32,"MBBS, MS",HOS085
DOC0285,Eesha Solanki,Nephrology,3,"MBBS, DNB",HOS012
DOC0286,Libni Doshi,Pulmonology,17,"MBBS, MS",HOS015
DOC0287,Balhaar Date,Psychiatry,26,"MBBS, DM",HOS106
DOC0288,Harish Sarraf,General Medicine,35,"MBBS, DNB",HOS053
DOC0289,Tanmayi Aurora,General Medicine,13,"MBBS, DM",HOS047
DOC0290,Nimrat Dubey,ENT,32,"MBBS, MCh",HOS057
DOC0291,Upasna Lanka,Psychiatry,4,"MBBS, MD",HOS035
DOC0292,Mitali Buch,Dermatology,9,"MBBS, MS",HOS057
DOC0293,Lajita Nadig,Emergency Medicine,32,MBBS,HOS004
DOC0294,Balendra Biswas,Gynecology,16,"MBBS, MCh",HOS021
DOC0295,Bhavna Karan,Oncology,1,"MBBS, DM",HOS053
DOC0296,Radha Chaudhari,Cardiology,15,MBBS,HOS060
DOC0297,Sachi Ganesan,Cardiology,10,"MBBS, DNB",HOS120
DOC0298,Ayush Batra,Urology,19,"MBBS, DM",HOS091
DOC0299,Daksh Memon,Oncology,27,"MBBS, DNB",HOS061
DOC0300,Kavya Sankar,Orthopedics,30,"MBBS, DM",HOS019
DOC0301,Yash Wali,Nephrology,13,"MBBS, DM",HOS066
DOC0302,Pranit Garde,Urology,9,MBBS,HOS036
DOC0303,Farhan Raja,Psychiatry,27,"MBBS, MS",HOS120
DOC0304,Widisha Dhar,Psychiatry,33,"MBBS, MS",HOS106
DOC0305,Triya Kumar,General Medicine,19,"MBBS, MCh",HOS039
DOC0306,Aadhya Andra,Radiology,32,"MBBS, MD",HOS058
DOC0307,Bhavna Dugar,Dermatology,31,"MBBS, MS",HOS043
DOC0308,Riya Pai,Dermatology,35,"MBBS, DNB",HOS059
DOC0309,Panini Krishna,Emergency Medicine,21,"MBBS, MD",HOS090
DOC0310,Chasmum Issac,Orthopedics,25,"MBBS, MD",HOS110
DOC0311,Vasudha Chhabra,Psychiatry,27,MBBS,HOS041
DOC0312,Lakshmi Parmer,Urology,31,"MBBS, MCh",HOS117
DOC0313,Chakrika Bains,Psychiatry,25,"MBBS, DNB",HOS085
DOC0314,Anvi Anand,Psychiatry,10,"MBBS, DNB",HOS005
DOC0315,Watika Mangat,Neurology,33,"MBBS, DM",HOS043
DOC0316,Indira Kanda,Radiology,7,"MBBS, DNB",HOS013
DOC0317,Zashil Devan,Dermatology,30,MBBS,HOS093
DOC0318,Balveer More,Neurology,27,"MBBS, MCh",HOS020
DOC0319,Bahadurjit Patla,Cardiology,31,"MBBS, MS",HOS044
DOC0320,Gautam Merchant,ENT,26,"MBBS, MCh",HOS011
DOC0321,Ojasvi Gill,Radiology,22,"MBBS, MCh",HOS110
DOC0322,Kevin Zacharia,Dermatology,25,"MBBS, MS",HOS081
DOC0323,Yachana Mahajan,Urology,32,"MBBS, DM",HOS005
DOC0324,Aarini Subramaniam,ENT,5,"MBBS, MD",HOS081
DOC0325,Hamsini Contractor,Gynecology,19,"MBBS, MD",HOS096
DOC0326,Faqid Dhaliwal,Cardiology,28,MBBS,HOS098
DOC0327,Mekhala Pau,Gynecology,7,"MBBS, DNB",HOS022
DOC0328,Megha Atwal,Urology,20,MBBS,HOS006
DOC0329,Jatin Sha,Pulmonology,4,"MBBS, MS",HOS046
DOC0330,Adweta Raj,Pulmonology,28,"MBBS, MD",HOS032
DOC0331,Hritik Kaur,Dermatology,27,"MBBS, DM",HOS088
DOC0332,Aryan Narang,Psychiatry,12,"MBBS, MD",HOS023
DOC0333,Dev Shetty,Cardiology,25,"MBBS, DM",HOS088
DOC0334,Nilima Dada,Orthopedics,32,"MBBS, DM",HOS019
DOC0335,Chakradev Barad,Orthopedics,30,"MBBS, MCh",HOS033
DOC0336,Waida D’Alia,Gastroenterology,17,"MBBS, MCh",HOS002
DOC0337,Wahab Yogi,Emergency Medicine,30,"MBBS, MS",HOS087
DOC0338,Lipika Setty,Dermatology,11,MBBS,HOS057
DOC0339,Oni Dubey,Pulmonology,20,"MBBS, MCh",HOS055
DOC0340,Hardik Suri,Urology,17,"MBBS, DNB",HOS109
DOC0341,Ati Bali,Oncology,13,"MBBS, DNB",HOS110
DOC0342,Teerth Sawhney,Gastroenterology,7,"MBBS, MD",HOS049
DOC0343,Warinder Patil,ENT,23,"MBBS, DM",HOS038
DOC0344,Jhalak Parmer,Urology,19,MBBS,HOS107
DOC0345,Mitali Majumdar,Gynecology,26,"MBBS, MS",HOS002
DOC0346,Jason Sha,ENT,4,"MBBS, DM",HOS096
DOC0347,Simon Bail,Gastroenterology,19,"MBBS, MD",HOS078
DOC0348,Gauri Kohli,Psychiatry,23,"MBBS, MD",HOS082
DOC0349,Samesh Biswas,Orthopedics,17,"MBBS, MCh",HOS097
DOC0350,Tarak Kaul,Urology,9,"MBBS, MCh",HOS013
DOC0351,Manbir Agate,Emergency Medicine,3,"MBBS, MS",HOS101
DOC0352,Maanav De,Gastroenterology,3,"MBBS, DM",HOS047
DOC0353,Owen Choudhary,Urology,9,MBBS,HOS117
DOC0354,Karan Aurora,Oncology,21,"MBBS, MCh",HOS054
DOC0355,Wazir Naik,Neurology,13,"MBBS, MD",HOS101
DOC0356,Owen Lanka,Dermatology,24,"MBBS, DM",HOS065
DOC0357,Jonathan Sama,Emergency Medicine,18,"MBBS, MD",HOS033
DOC0358,Devansh Soni,Emergency Medicine,31,"MBBS, MS",HOS096
DOC0359,Janaki Varghese,Radiology,22,MBBS,HOS060
DOC0360,Siya Thakur,Cardiology,10,"MBBS, MD",HOS111
DOC0361,Caleb Verma,Gynecology,26,"MBBS, DM",HOS047
DOC0362,Tara Balasubramanian,Cardiology,26,MBBS,HOS034
DOC0363,Varenya Ratti,Dermatology,8,"MBBS, DNB",HOS048
DOC0364,Hritik Swaminathan,Gynecology,17,"MBBS, DM",HOS049
DOC0365,Ethan Buch,Radiology,24,MBBS,HOS087
DOC0366,Manbir Bhatti,Orthopedics,31,MBBS,HOS080
DOC0367,Anvi Nair,Emergency Medicine,21,"MBBS, DM",HOS029
DOC0368,Chaitaly Setty,Gynecology,5,"MBBS, MCh",HOS106
DOC0369,Hardik Contractor,Gastroenterology,20,"MBBS, MCh",HOS053
DOC0370,Qushi Seth,Cardiology,9,MBBS,HOS005
DOC0371,Odika Nori,Oncology,32,MBBS,HOS013
DOC0372,Mohini Sagar,Orthopedics,35,"MBBS, MD",HOS050
DOC0373,Dhriti Sane,Gastroenterology,24,"MBBS, MCh",HOS096
DOC0374,Aadhya Prasad,Urology,35,"MBBS, DNB",HOS076
DOC0375,Urvi Bhavsar,Urology,10,"MBBS, DNB",HOS084
DOC0376,Frederick Chander,Cardiology,32,"MBBS, DM",HOS053
DOC0377,Gopal Pradhan,Oncology,3,"MBBS, MCh",HOS048
DOC0378,Darpan Narayan,Orthopedics,29,"MBBS, DNB",HOS031
DOC0379,Nirja Pandya,Radiology,24,MBBS,HOS088
DOC0380,Charan Mani,Pulmonology,35,"MBBS, MCh",HOS046
DOC0381,Indira Chawla,General Medicine,26,"MBBS, MS",HOS025
DOC0382,Mohammed Subramaniam,Cardiology,30,MBBS,HOS085
DOC0383,Hritik Palla,Orthopedics,2,MBBS,HOS101
DOC0384,Ishwar Mallick,Pulmonology,16,"MBBS, MD",HOS101
DOC0385,Pushti Bal,ENT,14,MBBS,HOS107
DOC0386,Ayush Gole,Psychiatry,14,"MBBS, DM",HOS028
DOC0387,Dayamai Nori,Radiology,15,"MBBS, MS",HOS100
DOC0388,Abeer Golla,Neurology,1,"MBBS, MS",HOS110
DOC0389,Nandini Boase,Neurology,9,"MBBS, DM",HOS033
DOC0390,Azaan Chand,Psychiatry,12,MBBS,HOS085
DOC0391,Krisha Saini,Radiology,2,"MBBS, MD",HOS002
DOC0392,Harita Dugar,Pulmonology,16,"MBBS, DM",HOS042
DOC0393,Devika Nair,General Medicine,12,"MBBS, MS",HOS007
DOC0394,Charles Dugal,Neurology,27,"MBBS, DM",HOS015
DOC0395,Chandran Bumb,Urology,5,"MBBS, DNB",HOS058
DOC0396,Saanvi Samra,Psychiatry,24,"MBBS, DM",HOS076
DOC0397,Riya Sachdeva,Cardiology,29,"MBBS, DM",HOS029
DOC0398,Tanveer Vala,ENT,3,"MBBS, MCh",HOS101
DOC0399,Hemani Sani,Emergency Medicine,34,"MBBS, MS",HOS059
DOC0400,Bhanumati Sur,Gynecology,2,MBBS,HOS062
DOC0401,Chakradev Kannan,Radiology,26,"MBBS, DNB",HOS088
DOC0402,Christopher Amble,Cardiology,32,"MBBS, MCh",HOS117
DOC0403,Charvi Kakar,Gastroenterology,5,MBBS,HOS042
DOC0404,Aadhya Mann,ENT,10,MBBS,HOS017
DOC0405,Jagdish Amble,Oncology,21,"MBBS, DNB",HOS077
DOC0406,Qushi Gill,Dermatology,19,"MBBS, DNB",HOS065
DOC0407,Lajita Walia,ENT,28,MBBS,HOS102
DOC0408,Xiti Pandya,Urology,8,"MBBS, MCh",HOS084
DOC0409,Mekhala Basak,Emergency Medicine,14,"MBBS, DNB",HOS058
DOC0410,Anirudh Sharaf,Emergency Medicine,15,"MBBS, DNB",HOS044
DOC0411,Dhriti Sanghvi,Radiology,30,"MBBS, DNB",HOS054
DOC0412,Omisha Mann,Urology,7,"MBBS, MS",HOS055
DOC0413,Nidhi Bail,Pulmonology,17,"MBBS, MS",HOS020
DOC0414,Onveer Sharma,Gynecology,31,MBBS,HOS012
DOC0415,Gaurang Sarkar,Radiology,6,MBBS,HOS056
DOC0416,Yagnesh Sarin,Cardiology,24,"MBBS, MD",HOS072
DOC0417,Farhan Randhawa,General Medicine,22,"MBBS, MCh",HOS016
DOC0418,Harinakshi Kant,Nephrology,23,"MBBS, MCh",HOS097
DOC0419,Om Bose,Nephrology,4,"MBBS, MS",HOS077
DOC0420,Yashvi Hari,Oncology,23,MBBS,HOS074
DOC0421,Indali Divan,Dermatology,14,"MBBS, MD",HOS085
DOC0422,Harshil Dhingra,Gastroenterology,15,MBBS,HOS045
DOC0423,Rudra Ghose,Radiology,24,MBBS,HOS098
DOC0424,Faqid Goel,Oncology,15,"MBBS, DNB",HOS109
DOC0425,Ucchal Sen,Dermatology,2,"MBBS, DM",HOS119
DOC0426,Diya Dora,Gynecology,18,MBBS,HOS024
DOC0427,Ekansh Singh,Oncology,20,"MBBS, MS",HOS045
DOC0428,Chavvi Maharaj,General Medicine,12,"MBBS, MD",HOS073
DOC0429,Indira Tripathi,Gynecology,26,MBBS,HOS019
DOC0430,Dayita Shenoy,Urology,2,MBBS,HOS096
DOC0431,Baljiwan Bhandari,Dermatology,14,"MBBS, DNB",HOS054
DOC0432,Bhavini Bose,Gastroenterology,22,"MBBS, MD",HOS048
DOC0433,Yashica Rajagopalan,Oncology,21,"MBBS, DM",HOS077
DOC0434,Benjamin Sengupta,Cardiology,4,"MBBS, MD",HOS021
DOC0435,Ekanta Soni,Psychiatry,4,"MBBS, MCh",HOS011
DOC0436,David Seshadri,Oncology,29,"MBBS, MCh",HOS055
DOC0437,Hemal Chad,Gastroenterology,29,"MBBS, DNB",HOS035
DOC0438,Balveer Kota,Orthopedics,33,MBBS,HOS045
DOC0439,Reva Viswanathan,Nephrology,8,"MBBS, MS",HOS087
DOC0440,Januja Pradhan,Gynecology,32,"MBBS, DM",HOS086
DOC0441,Lila Rege,Oncology,3,"MBBS, MD",HOS051
DOC0442,Charles Natt,ENT,4,MBBS,HOS027
DOC0443,Forum Chandra,Oncology,14,"MBBS, MD",HOS098
DOC0444,Bhanumati Krishnan,Oncology,19,"MBBS, MS",HOS016
DOC0445,Gauri Bumb,General Medicine,32,"MBBS, MCh",HOS056
DOC0446,Inaya Mukherjee,Neurology,9,"MBBS, DNB",HOS069
DOC0447,Kai Chad,Urology,15,"MBBS, DM",HOS072
DOC0448,Krisha Narasimhan,Radiology,23,MBBS,HOS051
DOC0449,Girik Sampath,Radiology,3,"MBBS, DNB",HOS003
DOC0450,Andrew Patil,Gastroenterology,5,"MBBS, MS",HOS074
DOC0451,Pranit Kala,Nephrology,26,"MBBS, MCh",HOS082
DOC0452,Vedika Handa,Nephrology,19,MBBS,HOS052
DOC0453,Laksh Dubey,General Medicine,21,"MBBS, MD",HOS103
DOC0454,Chakrika Chaudhuri,ENT,30,"MBBS, MCh",HOS118
DOC0455,Gayathri Deep,Pulmonology,6,"MBBS, DNB",HOS109
DOC0456,Mitesh Gaba,Cardiology,16,"MBBS, DNB",HOS076
DOC0457,Noah Sarma,Nephrology,34,MBBS,HOS051
DOC0458,Nirja Patla,Radiology,20,"MBBS, MCh",HOS044
DOC0459,Sachi Mane,Orthopedics,22,"MBBS, MD",HOS010
DOC0460,Vivaan Walla,Dermatology,8,"MBBS, DM",HOS066
DOC0461,Dayamai Singh,Orthopedics,23,"MBBS, MS",HOS094
DOC0462,Jhalak Sastry,Radiology,10,"MBBS, MD",HOS014
DOC0463,Baghyawati Raja,Neurology,17,"MBBS, MD",HOS023
DOC0464,Neel Iyengar,ENT,10,"MBBS, MCh",HOS010
DOC0465,Zashil Ben,Neurology,32,"MBBS, DNB",HOS097
DOC0466,Kamya Chauhan,ENT,29,"MBBS, MCh",HOS119
DOC0467,Bhavani Chacko,Emergency Medicine,21,"MBBS, MCh",HOS041
DOC0468,Anjali Sengupta,Neurology,29,MBBS,HOS061
DOC0469,Rajeshri Chand,Gastroenterology,20,"MBBS, MS",HOS076
DOC0470,Shravya Palla,General Medicine,23,"MBBS, DM",HOS010
DOC0471,Oeshi Bera,Oncology,30,"MBBS, DNB",HOS005
DOC0472,Yadavi Prakash,General Medicine,24,"MBBS, MS",HOS010
DOC0473,Libni Bumb,Gynecology,6,"MBBS, DM",HOS077
DOC0474,Udarsh Bala,Dermatology,25,"MBBS, DNB",HOS075
DOC0475,Hardik Nayak,Dermatology,3,"MBBS, DNB",HOS117
DOC0476,Laksh Barad,Psychiatry,13,"MBBS, MS",HOS078
DOC0477,Urmi Dewan,Gastroenterology,33,"MBBS, MD",HOS008
DOC0478,Saumya Ahluwalia,Gastroenterology,7,"MBBS, MS",HOS092
DOC0479,Anirudh Kunda,Cardiology,33,"MBBS, MCh",HOS023
DOC0480,Mason Wable,General Medicine,16,"MBBS, MCh",HOS057
DOC0481,Indrajit Mani,Gastroenterology,34,"MBBS, DM",HOS079
DOC0482,Charvi Dara,Neurology,24,"MBBS, MS",HOS118
DOC0483,William Saini,Oncology,25,"MBBS, DNB",HOS100
DOC0484,Dev Choudhry,Pulmonology,4,"MBBS, MCh",HOS083
DOC0485,Amol Varma,Pulmonology,5,"MBBS, MS",HOS013
DOC0486,Maanas Manne,Dermatology,25,"MBBS, MS",HOS033
DOC0487,Aarav Pandit,Urology,10,"MBBS, MS",HOS011
DOC0488,Omaja Grover,ENT,10,"MBBS, MS",HOS040
DOC0489,Jalsa Bir,Gynecology,26,"MBBS, MD",HOS077
DOC0490,Madhavi Singhal,Urology,6,"MBBS, MS",HOS072
DOC0491,Lila Prakash,Nephrology,22,"MBBS, MD",HOS086
DOC0492,Amol Parikh,Urology,34,MBBS,HOS083
DOC0493,Hemani Khosla,Gynecology,28,"MBBS, DM",HOS047
DOC0494,Gaurangi Deol,General Medicine,24,"MBBS, MS",HOS024
DOC0495,Indira Nigam,Orthopedics,22,"MBBS, DNB",HOS025
DOC0496,Ucchal Srinivas,Orthopedics,9,"MBBS, MD",HOS010
DOC0497,Krishna Bhatnagar,Oncology,7,"MBBS, DM",HOS099
DOC0498,Balhaar Memon,Dermatology,34,MBBS,HOS085
DOC0499,Caleb Iyengar,Pulmonology,9,"MBBS, DM",HOS049
DOC0500,Diya Mukherjee,Neurology,11,"MBBS, MD",HOS107
DOC0501,Urvashi Kulkarni,Urology,11,"MBBS, MCh",HOS057
DOC0502,Rayaan Mangal,General Medicine,27,"MBBS, MS",HOS087
DOC0503,Champak Narula,Urology,16,"MBBS, DNB",HOS079
DOC0504,Jeet Pillai,Oncology,29,"MBBS, MD",HOS069
DOC0505,Mugdha Sarraf,Orthopedics,20,"MBBS, DNB",HOS116
DOC0506,Harinakshi Grover,Radiology,13,"MBBS, MS",HOS087
DOC0507,Widisha Pillai,ENT,29,"MBBS, DNB",HOS099
DOC0508,Fitan Samra,Oncology,25,"MBBS, DM",HOS068
DOC0509,Qushi Gole,Nephrology,11,"MBBS, MD",HOS103
DOC0510,Ekani Chauhan,ENT,9,"MBBS, MS",HOS007
DOC0511,Falak Merchant,Gynecology,31,"MBBS, MS",HOS071
DOC0512,Sanaya Sandhu,Emergency Medicine,7,"MBBS, MCh",HOS109
DOC0513,Sachi Panchal,Dermatology,8,"MBBS, MS",HOS011
DOC0514,Brijesh Pandit,Psychiatry,11,"MBBS, MS",HOS058
DOC0515,Anvi Bhandari,Emergency Medicine,33,"MBBS, MD",HOS107
DOC0516,Nidra Patla,Nephrology,6,"MBBS, MD",HOS105
DOC0517,Azaan Dhar,Gastroenterology,23,MBBS,HOS054
DOC0518,Bakhshi Date,General Medicine,26,"MBBS, DM",HOS048
DOC0519,Warinder Peri,Orthopedics,25,MBBS,HOS048
DOC0520,Leela Bali,Orthopedics,2,"MBBS, MS",HOS120
DOC0521,Shivani Prabhakar,Cardiology,22,"MBBS, MD",HOS018
DOC0522,Sachi Bose,General Medicine,19,"MBBS, DNB",HOS090
DOC0523,Jeevika Rao,Radiology,9,"MBBS, MCh",HOS061
DOC0524,Arya Krish,Gastroenterology,1,MBBS,HOS003
DOC0525,Atharv Grewal,Oncology,14,"MBBS, MD",HOS071
DOC0526,Zarna Ram,Urology,34,"MBBS, DNB",HOS015
DOC0527,Adweta Lad,Psychiatry,19,"MBBS, MD",HOS039
DOC0528,Tanish Mangal,Cardiology,4,"MBBS, MD",HOS054
DOC0529,Ryan Das,Gynecology,30,MBBS,HOS015
DOC0530,Ethan Seth,Radiology,32,"MBBS, DM",HOS069
DOC0531,Sai Chahal,General Medicine,33,"MBBS, DM",HOS031
DOC0532,Idika Bhattacharyya,Urology,10,"MBBS, MS",HOS055
DOC0533,Charita Dugar,General Medicine,23,"MBBS, MD",HOS074
DOC0534,Janaki Trivedi,Nephrology,12,"MBBS, MCh",HOS086
DOC0535,Jairaj Iyer,Cardiology,34,"MBBS, MS",HOS009
DOC0536,Warjas Tak,Dermatology,35,"MBBS, DM",HOS101
DOC0537,Jalsa Pillay,Dermatology,2,"MBBS, DNB",HOS112
DOC0538,Kai Chadha,Gastroenterology,3,"MBBS, MCh",HOS050
DOC0539,Dayamai Rao,Pulmonology,17,"MBBS, MCh",HOS003
DOC0540,Nirja Rout,Pulmonology,5,"MBBS, MS",HOS031
DOC0541,Jeremiah Nadig,Urology,7,"MBBS, DM",HOS095
DOC0542,Shivani Shukla,Psychiatry,22,"MBBS, MD",HOS006
DOC0543,Kabir Gopal,Pulmonology,35,"MBBS, MS",HOS105
DOC0544,Rachita Thakkar,Gynecology,12,"MBBS, MCh",HOS060
DOC0545,Jeet Vasa,Urology,31,"MBBS, MCh",HOS024
DOC0546,Daksha Gala,Psychiatry,9,MBBS,HOS092
DOC0547,Ekantika Kar,Psychiatry,30,MBBS,HOS038
DOC0548,Zilmil Mander,Orthopedics,3,"MBBS, MD",HOS114
DOC0549,Zashil Hegde,General Medicine,21,"MBBS, MS",HOS066
DOC0550,Jeremiah Mitter,Nephrology,35,"MBBS, DNB",HOS033
DOC0551,Yadavi Ganguly,General Medicine,13,"MBBS, MS",HOS046
DOC0552,Onveer Nazareth,Radiology,4,"MBBS, MCh",HOS043
DOC0553,Ayush Bumb,Oncology,8,"MBBS, MS",HOS056
DOC0554,Alka Kade,Emergency Medicine,26,"MBBS, MCh",HOS057
DOC0555,Azaan Tank,Emergency Medicine,25,"MBBS, MS",HOS024
DOC0556,Chasmum Subramanian,Gastroenterology,32,"MBBS, MS",HOS119
DOC0557,Nidra Mishra,Psychiatry,34,"MBBS, MS",HOS103
DOC0558,Elijah Bhasin,Cardiology,28,MBBS,HOS056
DOC0559,Ria Sagar,ENT,12,"MBBS, DM",HOS038
DOC0560,Ucchal Jani,Pulmonology,7,MBBS,HOS042
DOC0561,Maanas Munshi,Gynecology,19,"MBBS, MS",HOS058
DOC0562,Hemani Rastogi,ENT,28,"MBBS, MD",HOS089
DOC0563,Kamala Varma,Gastroenterology,23,"MBBS, DNB",HOS006
DOC0564,Eiravati Khurana,Urology,23,"MBBS, DM",HOS056
DOC0565,Jason Loke,Oncology,4,MBBS,HOS086
DOC0566,Yug Dhaliwal,Gynecology,26,"MBBS, MS",HOS066
DOC0567,Chandresh Mannan,Psychiatry,11,MBBS,HOS019
DOC0568,Omya Kothari,Radiology,29,MBBS,HOS017
DOC0569,Falak Munshi,Cardiology,16,"MBBS, MCh",HOS047
DOC0570,Nathaniel Tara,Pulmonology,25,"MBBS, DM",HOS005
DOC0571,Wishi Morar,ENT,10,"MBBS, MCh",HOS058
DOC0572,Arin Chana,Pulmonology,24,"MBBS, DNB",HOS098
DOC0573,Yashasvi Shankar,Cardiology,9,"MBBS, DM",HOS047
DOC0574,Tanveer Pandit,Nephrology,21,"MBBS, MCh",HOS036
DOC0575,Chandresh Manda,Orthopedics,8,MBBS,HOS095
DOC0576,Upma Mangal,Neurology,32,"MBBS, DM",HOS050
DOC0577,Hritik Sankar,Emergency Medicine,8,"MBBS, MS",HOS100
DOC0578,Aishani Pau,Oncology,29,"MBBS, MD",HOS079
DOC0579,Jasmit Bath,Oncology,32,"MBBS, MD",HOS016
DOC0580,Charan Hayer,Neurology,5,"MBBS, DNB",HOS023
DOC0581,Bhavya Borah,Emergency Medicine,29,MBBS,HOS104
DOC0582,Yamini Seshadri,Gynecology,21,"MBBS, MCh",HOS045
DOC0583,Jagat Dave,Urology,5,"MBBS, DM",HOS070
DOC0584,Meera Prakash,Oncology,20,"MBBS, MD",HOS092
DOC0585,Jasmit Dhawan,Urology,12,"MBBS, MS",HOS066
DOC0586,Yashodhara Ratti,Orthopedics,8,"MBBS, MD",HOS102
DOC0587,Chakradev Barad,Neurology,16,"MBBS, DNB",HOS004
DOC0588,Gauri Som,Pulmonology,24,"MBBS, DNB",HOS103
DOC0589,Manthan Varma,Dermatology,9,"MBBS, DM",HOS114
DOC0590,Falak Nagar,Cardiology,5,"MBBS, MS",HOS051
DOC0591,Maya Mistry,Urology,31,"MBBS, DM",HOS053
DOC0592,Yashica Upadhyay,Psychiatry,27,"MBBS, DM",HOS010
DOC0593,Chandani Soman,Neurology,21,"MBBS, MCh",HOS010
DOC0594,Jyoti Narula,Gastroenterology,30,"MBBS, MCh",HOS067
DOC0595,Omaja Morar,Pulmonology,9,"MBBS, DM",HOS082
DOC0596,Urvi Lanka,ENT,12,"MBBS, MD",HOS056
DOC0597,Charan Srinivasan,Dermatology,4,MBBS,HOS067
DOC0598,Lajita Divan,Neurology,20,"MBBS, MD",HOS021
DOC0599,Azad Choudhary,Pulmonology,15,"MBBS, MS",HOS067
DOC0600,Anirudh Sastry,Emergency Medicine,19,MBBS,HOS033
DOC0601,Omya Doshi,Orthopedics,18,"MBBS, MD",HOS081
DOC0602,Samar Roy,Oncology,35,MBBS,HOS065
DOC0603,David Devi,Gynecology,11,"MBBS, DM",HOS075
DOC0604,Ekta Sridhar,Neurology,11,"MBBS, MCh",HOS080
DOC0605,Dipta Ghose,Urology,22,"MBBS, DM",HOS006
DOC0606,Hema Pandya,Radiology,2,MBBS,HOS006
DOC0607,Veda Handa,Gynecology,17,"MBBS, MCh",HOS027
DOC0608,Arya Misra,Psychiatry,27,"MBBS, DM",HOS082
DOC0609,Chameli Mani,General Medicine,32,"MBBS, MCh",HOS070
DOC0610,Vrinda Nadig,Oncology,20,"MBBS, DNB",HOS032
DOC0611,Ikshita Mahal,Psychiatry,26,"MBBS, MS",HOS059
DOC0612,Jairaj Raghavan,Cardiology,4,"MBBS, MD",HOS057
DOC0613,Hemani Dhingra,Nephrology,31,"MBBS, DNB",HOS027
DOC0614,Brijesh Mani,Pulmonology,10,"MBBS, MS",HOS111
DOC0615,Hiral Sathe,Urology,21,"MBBS, MCh",HOS111
DOC0616,Varenya Kala,Pulmonology,26,"MBBS, MD",HOS098
DOC0617,Anika Magar,Pulmonology,33,"MBBS, DM",HOS014
DOC0618,Ikbal Khatri,Pulmonology,16,"MBBS, DNB",HOS016
DOC0619,Chandresh Wali,Oncology,29,"MBBS, MD",HOS019
DOC0620,Viraj Ben,Cardiology,4,"MBBS, MS",HOS050
DOC0621,Odika Narayanan,Radiology,27,"MBBS, MD",HOS111
DOC0622,Harish Devan,Emergency Medicine,11,"MBBS, MS",HOS120
DOC0623,Nakul Ray,ENT,21,"MBBS, MD",HOS098
DOC0624,Vansha Iyengar,Neurology,32,"MBBS, DM",HOS060
DOC0625,Ekani Mangal,Gastroenterology,20,"MBBS, DNB",HOS003
DOC0626,Gaurav Kata,Cardiology,26,"MBBS, DM",HOS059
DOC0627,Parth Sahni,Orthopedics,14,"MBBS, DM",HOS046
DOC0628,Balhaar Ranganathan,General Medicine,4,"MBBS, MS",HOS064
DOC0629,Quincy Mann,ENT,31,"MBBS, MS",HOS069
DOC0630,Aditya Misra,General Medicine,7,"MBBS, DNB",HOS018
DOC0631,Gautami Mane,Emergency Medicine,17,"MBBS, MCh",HOS047
DOC0632,Wakeeta Desai,Psychiatry,26,"MBBS, MS",HOS006
DOC0633,Anjali Hans,Nephrology,4,"MBBS, DM",HOS072
DOC0634,Ganga Gaba,Orthopedics,24,"MBBS, DM",HOS037
DOC0635,Aarini Grewal,Cardiology,25,"MBBS, DM",HOS058
DOC0636,Geetika Merchant,Psychiatry,18,"MBBS, DM",HOS088
DOC0637,Parth Ravi,ENT,8,"MBBS, MD",HOS013
DOC0638,Yutika Narang,Nephrology,24,"MBBS, MS",HOS072
DOC0639,Nandini Chandran,Pulmonology,10,"MBBS, MD",HOS078
DOC0640,Logan Sood,Dermatology,26,"MBBS, DM",HOS006
DOC0641,Yuvraj Ahuja,General Medicine,3,"MBBS, MD",HOS092
DOC0642,Leela Keer,Pulmonology,31,"MBBS, DM",HOS059
DOC0643,Amara Narayan,Neurology,33,"MBBS, MD",HOS042
DOC0644,Advay Lal,Emergency Medicine,21,"MBBS, MD",HOS051
DOC0645,Warinder Bhatia,ENT,20,"MBBS, DM",HOS044
DOC0646,Udyati Mohanty,Dermatology,33,"MBBS, DM",HOS063
DOC0647,Nidra Thakkar,Urology,20,"MBBS, DNB",HOS105
DOC0648,Jacob Merchant,General Medicine,24,"MBBS, MS",HOS087
DOC0649,Timothy Kanda,Cardiology,27,"MBBS, DM",HOS040
DOC0650,Vanya Dua,Psychiatry,2,"MBBS, DM",HOS061
DOC0651,Kashvi Sagar,Oncology,15,"MBBS, MCh",HOS007
DOC0652,Tejas Kota,ENT,31,"MBBS, MD",HOS068
DOC0653,Sanya Wable,Gynecology,25,"MBBS, MD",HOS106
DOC0654,Faras Choudhury,Gynecology,16,MBBS,HOS074
DOC0655,Yashasvi Jain,Urology,8,"MBBS, MD",HOS003
DOC0656,Nitesh Narang,Gastroenterology,21,"MBBS, DNB",HOS020
DOC0657,Jackson Jha,Nephrology,14,"MBBS, DNB",HOS065
DOC0658,Gavin Uppal,Psychiatry,31,"MBBS, MCh",HOS094
DOC0659,Christopher Setty,General Medicine,9,"MBBS, DM",HOS027
DOC0660,Yochana Sagar,Dermatology,21,"MBBS, MCh",HOS062
DOC0661,Dalbir Shere,Dermatology,25,"MBBS, MS",HOS023
DOC0662,Anthony Randhawa,Gastroenterology,35,"MBBS, MS",HOS070
DOC0663,Aarush Kamdar,Pulmonology,17,"MBBS, DM",HOS062
DOC0664,Chakradev Sampath,Orthopedics,16,"MBBS, MS",HOS072
DOC0665,Devansh Bhasin,Oncology,15,"MBBS, MS",HOS099
DOC0666,Urmi Balay,Oncology,14,"MBBS, MCh",HOS091
DOC0667,Nilima Gole,Gastroenterology,21,"MBBS, DNB",HOS045
DOC0668,Osha Prasad,Dermatology,18,"MBBS, MS",HOS016
DOC0669,Saumya Purohit,ENT,35,"MBBS, DNB",HOS115
DOC0670,Faris Zacharia,Nephrology,23,"MBBS, MD",HOS038
DOC0671,Ijaya Dani,General Medicine,19,"MBBS, MCh",HOS011
DOC0672,Maya Wadhwa,Pulmonology,29,"MBBS, MCh",HOS033
DOC0673,Udant Aggarwal,Urology,31,"MBBS, MD",HOS026
DOC0674,Chanchal Sheth,Radiology,35,"MBBS, MS",HOS120
DOC0675,Ladli Karpe,Dermatology,18,"MBBS, MD",HOS014
DOC0676,Triveni Pal,ENT,16,"MBBS, MD",HOS007
DOC0677,Anya Gulati,Gynecology,34,"MBBS, MD",HOS082
DOC0678,Azad Saini,Orthopedics,4,MBBS,HOS053
DOC0679,Wridesh Jhaveri,Pulmonology,31,MBBS,HOS088
DOC0680,Harrison Bandi,Psychiatry,9,MBBS,HOS071
DOC0681,Chanakya Konda,Emergency Medicine,11,"MBBS, DNB",HOS084
DOC0682,Neelima Sarna,Emergency Medicine,31,"MBBS, DNB",HOS084
DOC0683,Teerth Bhalla,Orthopedics,19,"MBBS, MS",HOS037
DOC0684,Yahvi Mann,Gynecology,4,MBBS,HOS084
DOC0685,Eiravati Nagi,ENT,15,"MBBS, DM",HOS095
DOC0686,Chasmum Dhar,Urology,3,"MBBS, MD",HOS054
DOC0687,Odika Mital,Emergency Medicine,12,MBBS,HOS108
DOC0688,Darsh Gill,Nephrology,32,"MBBS, MD",HOS120
DOC0689,Warhi Batta,Urology,19,MBBS,HOS002
DOC0690,Lakshmi Vohra,Oncology,7,"MBBS, MS",HOS037
DOC0691,Omaja Rege,Gastroenterology,35,"MBBS, DM",HOS064
DOC0692,Charita Puri,Emergency Medicine,9,"MBBS, DM",HOS060
DOC0693,Urvashi Khosla,Oncology,13,MBBS,HOS043
DOC0694,Charita Dhawan,Neurology,30,"MBBS, MCh",HOS033
DOC0695,Dalbir Sachar,Urology,12,MBBS,HOS095
DOC0696,Krish Rama,Pulmonology,19,"MBBS, DM",HOS087
DOC0697,Aadhya Jani,Psychiatry,13,"MBBS, MD",HOS079
DOC0698,Farhan Sengupta,Radiology,26,"MBBS, DNB",HOS066
DOC0699,George Wason,Pulmonology,6,"MBBS, DNB",HOS086
DOC0700,Charan Loyal,Cardiology,12,"MBBS, MD",HOS062
DOC0701,Balveer Bora,Pulmonology,16,MBBS,HOS034
DOC0702,Teerth Srinivas,Nephrology,16,"MBBS, DNB",HOS097
DOC0703,Gaurangi Mitter,Oncology,22,"MBBS, MS",HOS075
DOC0704,Siddharth Gupta,Urology,1,"MBBS, MS",HOS084
DOC0705,Varenya Kibe,Pulmonology,16,MBBS,HOS086
DOC0706,Mekhala Khatri,Cardiology,30,"MBBS, MS",HOS021
DOC0707,Barkha Rai,Nephrology,33,"MBBS, MCh",HOS099
DOC0708,Jagrati Morar,Oncology,8,"MBBS, MCh",HOS118
DOC0709,Jagvi Varghese,Oncology,24,"MBBS, DM",HOS029
DOC0710,Unnati Chaudhari,Orthopedics,9,"MBBS, DNB",HOS020
DOC0711,Ekaja Jani,Gastroenterology,24,"MBBS, DNB",HOS090
DOC0712,Dhriti Sachdev,Dermatology,31,"MBBS, DM",HOS103
DOC0713,Timothy Dhingra,Gynecology,14,"MBBS, MD",HOS088
DOC0714,Advika Sahni,Psychiatry,6,"MBBS, DM",HOS058
DOC0715,Michael Hayre,Dermatology,24,MBBS,HOS118
DOC0716,Victor Raghavan,ENT,8,MBBS,HOS107
DOC0717,Xalak Nazareth,Dermatology,33,"MBBS, MD",HOS074
DOC0718,Vrinda Swaminathan,Dermatology,10,"MBBS, MD",HOS042
DOC0719,Om Pandey,Radiology,34,"MBBS, DNB",HOS015
DOC0720,Logan Suresh,Gynecology,14,"MBBS, MCh",HOS075
DOC0721,Daniel Viswanathan,Gastroenterology,6,"MBBS, DM",HOS058
DOC0722,Falan Bava,Psychiatry,4,"MBBS, DNB",HOS017
DOC0723,Nitara Devan,Dermatology,27,"MBBS, DNB",HOS073
DOC0724,Ekansh Dora,General Medicine,30,"MBBS, MCh",HOS104
DOC0725,Tejas Tiwari,Oncology,2,"MBBS, DNB",HOS033
DOC0726,Kashvi Bhasin,Radiology,1,"MBBS, MCh",HOS028
DOC0727,Vinaya Babu,ENT,5,MBBS,HOS055
DOC0728,Nisha Arora,Pulmonology,5,"MBBS, DM",HOS008
DOC0729,Anvi Wason,Emergency Medicine,5,"MBBS, DNB",HOS005
DOC0730,Anay Thakkar,Oncology,27,"MBBS, MD",HOS099
DOC0731,Praneel Chhabra,Neurology,27,"MBBS, MS",HOS115
DOC0732,Manthan Khosla,Nephrology,29,"MBBS, DNB",HOS049
DOC0733,Zayyan Pandya,Cardiology,35,"MBBS, MD",HOS084
DOC0734,Mekhala Brar,Radiology,23,MBBS,HOS023
DOC0735,Nidra Sharaf,Dermatology,26,"MBBS, DM",HOS017
DOC0736,Upkaar Mital,Urology,15,MBBS,HOS097
DOC0737,Azad Chander,General Medicine,20,"MBBS, DNB",HOS087
DOC0738,Ladli Purohit,Urology,35,"MBBS, DNB",HOS069
DOC0739,Daksh Andra,Nephrology,15,"MBBS, MD",HOS059
DOC0740,Fitan Tata,Pulmonology,10,"MBBS, MS",HOS025
DOC0741,Garima Chandran,Emergency Medicine,8,MBBS,HOS104
DOC0742,Victor Kakar,Gynecology,27,"MBBS, DM",HOS099
DOC0743,Anika Batra,Emergency Medicine,2,"MBBS, MD",HOS027
DOC0744,Avni Bali,Cardiology,7,"MBBS, DM",HOS005
DOC0745,Divya Babu,Gastroenterology,4,"MBBS, MD",HOS095
DOC0746,Maanas Rao,General Medicine,26,"MBBS, DNB",HOS030
DOC0747,Chandani Gaba,Dermatology,14,MBBS,HOS018
DOC0748,Lopa Zachariah,Dermatology,19,"MBBS, MD",HOS105
DOC0749,Leena Dey,Emergency Medicine,21,"MBBS, DM",HOS077
DOC0750,Xiti Pal,Psychiatry,21,"MBBS, MD",HOS039
DOC0751,Guneet Sarkar,Emergency Medicine,10,"MBBS, MCh",HOS067
DOC0752,Faqid Oak,Orthopedics,27,"MBBS, MS",HOS036
DOC0753,Eta Balan,General Medicine,12,"MBBS, MCh",HOS087
DOC0754,Shravya Swaminathan,Nephrology,32,MBBS,HOS045
DOC0755,Ishani Prashad,Gynecology,25,"MBBS, DM",HOS041
DOC0756,Quincy Rai,Urology,27,"MBBS, DNB",HOS020
DOC0757,Chakrika Koshy,Oncology,25,"MBBS, MD",HOS097
DOC0758,Fitan Loyal,Dermatology,31,"MBBS, MD",HOS109
DOC0759,Lajita Dube,Orthopedics,20,"MBBS, MCh",HOS019
DOC0760,Edhitha Patel,Psychiatry,30,MBBS,HOS072
DOC0761,Gavin Ahluwalia,Nephrology,27,"MBBS, DM",HOS068
DOC0762,Sai Parsa,Neurology,25,"MBBS, MD",HOS033
DOC0763,Harsh Deo,Orthopedics,22,"MBBS, MCh",HOS011
DOC0764,Rachit Sankar,Emergency Medicine,29,"MBBS, MS",HOS012
DOC0765,Yauvani Reddy,Dermatology,13,MBBS,HOS035
DOC0766,Atharv Chakraborty,Nephrology,3,MBBS,HOS025
DOC0767,Girik Nair,Psychiatry,14,"MBBS, DNB",HOS027
DOC0768,Advik Manne,Radiology,22,"MBBS, MS",HOS117
DOC0769,Lipika Chad,General Medicine,14,"MBBS, MD",HOS095
DOC0770,Omkaar Rai,Cardiology,31,"MBBS, MD",HOS090
DOC0771,Liam Luthra,ENT,14,"MBBS, DNB",HOS118
DOC0772,Amrita Tailor,Orthopedics,21,"MBBS, MS",HOS049
DOC0773,Dev Ganesh,Gastroenterology,35,"MBBS, MCh",HOS046
DOC0774,Anya Sama,Oncology,17,"MBBS, MS",HOS066
DOC0775,Veda Bose,Emergency Medicine,32,"MBBS, DNB",HOS013
DOC0776,Zayan Koshy,Psychiatry,31,"MBBS, MS",HOS118
DOC0777,Rohan Shankar,Orthopedics,24,"MBBS, MS",HOS053
DOC0778,Krishna Modi,General Medicine,15,"MBBS, MCh",HOS019
DOC0779,Meghana Natarajan,General Medicine,17,"MBBS, DM",HOS120
DOC0780,Forum Sarraf,ENT,27,"MBBS, MS",HOS020
DOC0781,Qushi Deshpande,Orthopedics,22,"MBBS, MD",HOS049
DOC0782,Ekani Iyer,ENT,16,"MBBS, DNB",HOS071
DOC0783,Dipta Goel,Gynecology,22,"MBBS, MS",HOS098
DOC0784,Eiravati Manne,Radiology,32,"MBBS, MCh",HOS083
DOC0785,Xavier Nanda,Urology,32,"MBBS, DNB",HOS022
DOC0786,Avni Ramaswamy,Urology,23,"MBBS, MD",HOS018
DOC0787,Ishaan Iyengar,Urology,35,"MBBS, DNB",HOS024
DOC0788,Avi Shenoy,Emergency Medicine,35,"MBBS, MCh",HOS008
DOC0789,Raksha Manne,Dermatology,3,MBBS,HOS105
DOC0790,Nilima Tata,Gynecology,4,MBBS,HOS053
DOC0791,Chavvi Khurana,Neurology,15,MBBS,HOS091
DOC0792,Mitesh Sampath,Neurology,1,"MBBS, MD",HOS065
DOC0793,Ethan Sen,Gastroenterology,24,MBBS,HOS080
DOC0794,Nandini Warrior,Gynecology,31,"MBBS, MCh",HOS063
DOC0795,Balhaar Parsa,General Medicine,1,"MBBS, DM",HOS071
DOC0796,Ikbal Kothari,Nephrology,1,MBBS,HOS068
DOC0797,Ojas Basu,Urology,18,"MBBS, DM",HOS037
DOC0798,Garima Sani,General Medicine,33,"MBBS, MCh",HOS087
DOC0799,Advaith Chaudhari,Nephrology,12,MBBS,HOS118
DOC0800,Tristan Uppal,Cardiology,34,"MBBS, MD",HOS031
DOC0801,Sanaya Prasad,Orthopedics,34,"MBBS, MS",HOS105
DOC0802,Ubika Tella,Pulmonology,18,"MBBS, DNB",HOS011
DOC0803,Hemani Bakshi,Pulmonology,26,"MBBS, DNB",HOS073
DOC0804,Henry Merchant,Orthopedics,15,"MBBS, MS",HOS088
DOC0805,Frederick D’Alia,Radiology,6,"MBBS, MCh",HOS110
DOC0806,Ijaya Muni,Gynecology,3,MBBS,HOS052
DOC0807,Tamanna Jhaveri,Nephrology,25,"MBBS, DM",HOS061
DOC0808,Ijaya Soni,General Medicine,1,"MBBS, MCh",HOS022
DOC0809,Raksha Sethi,Cardiology,32,"MBBS, DNB",HOS083
DOC0810,Ekalinga Mital,Psychiatry,22,"MBBS, DM",HOS110
DOC0811,Ishwar Bajaj,Cardiology,34,MBBS,HOS030
DOC0812,Ikbal Gala,Orthopedics,31,"MBBS, MS",HOS006
DOC0813,Zaitra Ghosh,Emergency Medicine,5,"MBBS, MCh",HOS119
DOC0814,Ganga Sandhu,Oncology,35,"MBBS, DM",HOS085
DOC0815,Vincent Ravel,General Medicine,12,"MBBS, MS",HOS003
DOC0816,Quincy Sankaran,Orthopedics,10,"MBBS, MCh",HOS106
DOC0817,Ayush Hora,Nephrology,5,"MBBS, MS",HOS021
DOC0818,Pushti Ramachandran,ENT,16,"MBBS, DM",HOS107
DOC0819,Tanish Jha,Radiology,25,"MBBS, MCh",HOS115
DOC0820,Dev Chaudry,Dermatology,22,"MBBS, DNB",HOS097
DOC0821,Jasmit Nanda,Urology,9,"MBBS, MCh",HOS093
DOC0822,Tanvi Comar,Cardiology,33,"MBBS, MCh",HOS045
DOC0823,Vrishti Wable,General Medicine,7,"MBBS, DNB",HOS030
DOC0824,Lipika Ramanathan,Radiology,5,"MBBS, MS",HOS078
DOC0825,Ijaya Pandey,Psychiatry,26,"MBBS, MS",HOS004
DOC0826,Orinder Mishra,Gynecology,18,"MBBS, DNB",HOS063
DOC0827,Krish Munshi,Orthopedics,23,"MBBS, DM",HOS049
DOC0828,William Mody,Nephrology,12,"MBBS, MCh",HOS075
DOC0829,Qadim Prakash,Gynecology,25,MBBS,HOS099
DOC0830,Yasti Rama,ENT,19,"MBBS, MD",HOS092
DOC0831,Lakshit Rajagopal,Cardiology,6,"MBBS, MS",HOS020
DOC0832,Quincy Sur,Nephrology,10,"MBBS, MCh",HOS050
DOC0833,Ojas Suri,Pulmonology,24,MBBS,HOS012
DOC0834,Logan Grover,General Medicine,20,"MBBS, DNB",HOS047
DOC0835,Shravya Bera,Psychiatry,18,MBBS,HOS017
DOC0836,Aditya Sundaram,Cardiology,12,"MBBS, DNB",HOS058
DOC0837,Robert Rajagopalan,Dermatology,33,"MBBS, DNB",HOS014
DOC0838,Nilima Swamy,General Medicine,6,"MBBS, MS",HOS071
DOC0839,Sachi Suresh,Cardiology,21,"MBBS, DNB",HOS002
DOC0840,Fitan Balasubramanian,Oncology,27,"MBBS, DNB",HOS100
DOC0841,Brinda Bali,Cardiology,16,"MBBS, DM",HOS067
DOC0842,Umang Yogi,Neurology,25,"MBBS, MD",HOS018
DOC0843,Om Shankar,Oncology,20,"MBBS, MS",HOS064
DOC0844,Yasti Chowdhury,Neurology,5,"MBBS, MD",HOS056
DOC0845,Amrita Peri,Oncology,27,"MBBS, MS",HOS062
DOC0846,Ridhi Kamdar,Psychiatry,5,"MBBS, MS",HOS033
DOC0847,Harsh Kota,Orthopedics,32,"MBBS, DM",HOS079
DOC0848,Bachittar Sengupta,Orthopedics,30,MBBS,HOS018
DOC0849,Ijaya Chahal,Oncology,1,"MBBS, DNB",HOS043
DOC0850,Jacob Khalsa,Radiology,25,"MBBS, MS",HOS057
DOC0851,Indali Sangha,Pulmonology,28,"MBBS, MCh",HOS077
DOC0852,Liam Jhaveri,Neurology,20,"MBBS, MS",HOS078
DOC0853,Daniel Panchal,Urology,13,"MBBS, DNB",HOS041
DOC0854,Om Naik,Neurology,26,"MBBS, MS",HOS038
DOC0855,Bimala Loke,Urology,32,"MBBS, DM",HOS101
DOC0856,Krishna Sabharwal,Orthopedics,21,"MBBS, DNB",HOS036
DOC0857,Aradhana Date,Radiology,26,"MBBS, MS",HOS015
DOC0858,Zaid Dhingra,Emergency Medicine,13,"MBBS, DM",HOS070
DOC0859,Yug Ramaswamy,Neurology,2,"MBBS, MCh",HOS060
DOC0860,Lucky Luthra,Urology,14,"MBBS, DNB",HOS103
DOC0861,Keya Seth,Oncology,5,"MBBS, DNB",HOS087
DOC0862,Girik Rau,Gastroenterology,9,"MBBS, MCh",HOS039
DOC0863,Jyoti Sha,Orthopedics,17,"MBBS, MCh",HOS020
DOC0864,Falak Agate,Urology,28,"MBBS, DNB",HOS010
DOC0865,Tara Parmar,Gastroenterology,31,"MBBS, DM",HOS052
DOC0866,Mitali Kamdar,Dermatology,33,"MBBS, MCh",HOS054
DOC0867,Siddharth Talwar,Dermatology,3,"MBBS, MS",HOS090
DOC0868,Ekantika Mander,Emergency Medicine,35,"MBBS, DM",HOS082
DOC0869,Kalpit Sundaram,Emergency Medicine,6,MBBS,HOS099
DOC0870,Chanakya Batra,Orthopedics,23,"MBBS, MD",HOS083
DOC0871,Tripti Babu,ENT,3,"MBBS, DM",HOS083
DOC0872,Nakul Sastry,Gynecology,26,"MBBS, MS",HOS102
DOC0873,Aadi Sangha,Nephrology,7,MBBS,HOS013
DOC0874,Kevin Mittal,Oncology,15,"MBBS, DM",HOS096
DOC0875,Anusha Chander,Dermatology,15,"MBBS, DNB",HOS048
DOC0876,Zashil Butala,Nephrology,30,"MBBS, MCh",HOS076
DOC0877,Noah Ben,Urology,33,"MBBS, MD",HOS045
DOC0878,Dalaja Kaur,General Medicine,31,MBBS,HOS038
DOC0879,Gavin Chandran,Nephrology,6,MBBS,HOS107
DOC0880,Tanay Sood,Urology,10,"MBBS, MS",HOS040
DOC0881,Kevin Kara,Pulmonology,30,"MBBS, MD",HOS067
DOC0882,Aditya Anand,Gastroenterology,23,"MBBS, DNB",HOS013
DOC0883,Jai Sami,Gastroenterology,29,"MBBS, MS",HOS009
DOC0884,Vanya Bobal,Oncology,3,"MBBS, MCh",HOS015
DOC0885,Leela Chakraborty,General Medicine,22,"MBBS, MCh",HOS014
DOC0886,Harshil Munshi,Gynecology,11,"MBBS, MCh",HOS032
DOC0887,Chandani Devan,Dermatology,12,"MBBS, DM",HOS021
DOC0888,Kiaan Dhar,Pulmonology,28,"MBBS, DNB",HOS030
DOC0889,Abhiram Gala,Psychiatry,26,"MBBS, MCh",HOS024
DOC0890,Indali Kala,Neurology,28,"MBBS, DNB",HOS004
DOC0891,Nisha Savant,Urology,13,"MBBS, DNB",HOS076
DOC0892,Gabriel Chaudhry,Nephrology,25,MBBS,HOS091
DOC0893,Jatin Rajagopalan,Orthopedics,14,"MBBS, MS",HOS097
DOC0894,Pushti Murty,Urology,5,"MBBS, DM",HOS014
DOC0895,Yug Malhotra,Psychiatry,35,"MBBS, MD",HOS047
DOC0896,Yuvraj Mane,Pulmonology,13,"MBBS, DNB",HOS015
DOC0897,Charvi Jha,Oncology,32,"MBBS, DM",HOS082
DOC0898,Manya Merchant,Pulmonology,25,"MBBS, DM",HOS051
DOC0899,Wriddhish Talwar,ENT,8,"MBBS, MS",HOS046
DOC0900,Isaiah Khosla,Radiology,30,"MBBS, DM",HOS023
DOC0901,Ekavir Wable,Radiology,20,"MBBS, DM",HOS076
DOC0902,Jalsa Nadig,Cardiology,9,"MBBS, MS",HOS016
DOC0903,Lila Salvi,Orthopedics,20,MBBS,HOS024
DOC0904,Orinder Sinha,Pulmonology,10,"MBBS, DM",HOS050
DOC0905,Anay Bir,Nephrology,9,"MBBS, DM",HOS050
DOC0906,Adweta Kale,Nephrology,12,"MBBS, DNB",HOS082
DOC0907,Darpan Rao,Dermatology,12,"MBBS, DM",HOS022
DOC0908,Yachana Sagar,Gastroenterology,19,"MBBS, MD",HOS024
DOC0909,Neelima Butala,Pulmonology,29,"MBBS, DM",HOS007
DOC0910,Arunima Chacko,Radiology,23,MBBS,HOS063
DOC0911,Farhan Vaidya,Neurology,13,"MBBS, DNB",HOS072
DOC0912,Nachiket Yadav,Dermatology,32,"MBBS, DNB",HOS088
DOC0913,Mahika Bhatti,Gastroenterology,27,"MBBS, MCh",HOS108
DOC0914,Rajeshri Khare,Gastroenterology,32,"MBBS, MD",HOS011
DOC0915,Yash Chadha,ENT,2,"MBBS, MD",HOS038
DOC0916,Jack Setty,General Medicine,18,"MBBS, MD",HOS069
DOC0917,Dayamai Gill,Oncology,11,"MBBS, DNB",HOS073
DOC0918,Advik Devan,Urology,32,"MBBS, DM",HOS066
DOC0919,Nihal Taneja,Cardiology,8,"MBBS, MS",HOS100
DOC0920,Zansi Lad,Dermatology,24,"MBBS, DM",HOS106
DOC0921,Kamya Date,Psychiatry,3,"MBBS, MCh",HOS057
DOC0922,Jacob Balan,Dermatology,14,"MBBS, DNB",HOS014
DOC0923,Pushti Magar,Urology,16,"MBBS, MS",HOS112
DOC0924,Adya Bose,General Medicine,29,"MBBS, MS",HOS045
DOC0925,Tamanna Vaidya,Radiology,6,"MBBS, DNB",HOS111
DOC0926,Christopher Tata,Cardiology,16,"MBBS, MD",HOS104
DOC0927,Jhalak Dugar,Urology,23,"MBBS, MCh",HOS079
DOC0928,Harshil D’Alia,Gynecology,28,"MBBS, MD",HOS079
DOC0929,Yashodhara Agate,Neurology,14,"MBBS, MD",HOS104
DOC0930,Advik Konda,General Medicine,23,"MBBS, DM",HOS036
DOC0931,Urmi Patla,ENT,35,"MBBS, MD",HOS042
DOC0932,Mason Gola,Urology,19,"MBBS, MS",HOS074
DOC0933,Oni Kapur,Oncology,33,"MBBS, MCh",HOS105
DOC0934,Yuvraj Saha,Cardiology,9,"MBBS, DNB",HOS118
DOC0935,Anika Brahmbhatt,General Medicine,18,"MBBS, MCh",HOS017
DOC0936,Jagdish Thakkar,Urology,9,"MBBS, MD",HOS019
DOC0937,Praneel Kapoor,Urology,21,"MBBS, MD",HOS098
DOC0938,Nandini Biswas,Radiology,26,"MBBS, DNB",HOS019
DOC0939,Barkha Mukhopadhyay,ENT,18,"MBBS, MCh",HOS054
DOC0940,Gabriel Shan,Nephrology,29,MBBS,HOS082
DOC0941,Jyoti Iyer,Psychiatry,6,"MBBS, DNB",HOS066
DOC0942,Daksha Kibe,Urology,18,"MBBS, MCh",HOS120
DOC0943,Jyoti Tak,Emergency Medicine,24,"MBBS, DNB",HOS063
DOC0944,Yatan Dora,Pulmonology,1,"MBBS, MCh",HOS012
DOC0945,Nimrat Bajwa,Urology,30,"MBBS, MCh",HOS086
DOC0946,Hiral Andra,Urology,23,MBBS,HOS102
DOC0947,Aarav Puri,Dermatology,26,"MBBS, MD",HOS055
DOC0948,Hemang Jha,Radiology,14,"MBBS, DNB",HOS035
DOC0949,Oni Swamy,Pulmonology,19,"MBBS, MS",HOS071
DOC0950,Lucky Mammen,ENT,9,"MBBS, DM",HOS110
DOC0951,Caleb Kata,Gastroenterology,22,"MBBS, MCh",HOS098
DOC0952,Kashish Shanker,General Medicine,3,MBBS,HOS081
DOC0953,Girish Tiwari,Psychiatry,30,MBBS,HOS016
DOC0954,Meera Borde,Emergency Medicine,11,"MBBS, DNB",HOS059
DOC0955,Radhika De,General Medicine,28,"MBBS, MD",HOS089
DOC0956,Bishakha Lal,Emergency Medicine,9,"MBBS, MCh",HOS039
DOC0957,Maya Narain,Neurology,18,MBBS,HOS084
DOC0958,Sneha Magar,Pulmonology,17,MBBS,HOS048
DOC0959,Falan Jain,Gynecology,11,MBBS,HOS051
DOC0960,Ikbal Dugal,Gynecology,20,"MBBS, MCh",HOS090
DOC0961,Nitesh Sengupta,Psychiatry,15,"MBBS, DNB",HOS084
DOC0962,Dipta Ray,Cardiology,7,MBBS,HOS028
DOC0963,Ishita Johal,Gastroenterology,5,"MBBS, MD",HOS076
DOC0964,Darika Sheth,Orthopedics,34,"MBBS, MCh",HOS057
DOC0965,Jagdish Chana,General Medicine,1,"MBBS, MCh",HOS044
DOC0966,Daksha Baria,Radiology,8,"MBBS, DNB",HOS089
DOC0967,Falak Divan,Neurology,31,MBBS,HOS030
DOC0968,Yuvraj Parekh,Nephrology,6,"MBBS, MCh",HOS104
DOC0969,Yochana Bawa,Cardiology,7,"MBBS, MS",HOS048
DOC0970,Abha Ghosh,Emergency Medicine,20,"MBBS, MD",HOS049
DOC0971,Nidhi Sethi,Psychiatry,9,"MBBS, MCh",HOS087
DOC0972,Girindra Shere,Neurology,5,"MBBS, DM",HOS073
DOC0973,Logan Dara,General Medicine,11,"MBBS, DNB",HOS045
DOC0974,David Kapadia,Urology,14,"MBBS, MCh",HOS096
DOC0975,Rudra Rattan,Neurology,27,"MBBS, DM",HOS088
DOC0976,Frado Lad,Gastroenterology,14,MBBS,HOS115
DOC0977,Anthony Bhattacharyya,Cardiology,9,MBBS,HOS076
DOC0978,Sachi Dave,Urology,25,"MBBS, MS",HOS055
DOC0979,Garima Das,Pulmonology,9,"MBBS, MD",HOS036
DOC0980,Triya Bedi,Gynecology,6,"MBBS, MD",HOS071
DOC0981,Rachita Rana,ENT,19,"MBBS, MCh",HOS004
DOC0982,Ayushman Raja,Radiology,20,"MBBS, MD",HOS067
DOC0983,Orinder Pandya,ENT,33,"MBBS, MD",HOS096
DOC0984,Rachit Maharaj,Nephrology,19,"MBBS, MCh",HOS007
DOC0985,Sanaya Dixit,Psychiatry,16,"MBBS, DNB",HOS050
DOC0986,Yatan Merchant,Cardiology,16,"MBBS, DNB",HOS082
DOC0987,Nisha Srinivas,ENT,5,"MBBS, DM",HOS114
DOC0988,Gagan Mammen,General Medicine,24,"MBBS, MS",HOS017
DOC0989,Laksh Saini,Nephrology,27,"MBBS, MS",HOS070
DOC0990,Zaid Bahl,Gynecology,12,"MBBS, DNB",HOS099
DOC0991,Jagrati Srinivasan,Cardiology,2,"MBBS, DM",HOS009
DOC0992,Hemangini Thakkar,General Medicine,17,"MBBS, MD",HOS006
DOC0993,Lipika Madan,Emergency Medicine,4,"MBBS, DNB",HOS065
DOC0994,Atharv Nagar,Oncology,33,"MBBS, DNB",HOS055
DOC0995,Ayushman Mand,Urology,26,MBBS,HOS082
DOC0996,Urmi Wagle,Dermatology,35,"MBBS, DM",HOS020
DOC0997,Viraj Dutta,Oncology,6,"MBBS, MS",HOS011
DOC0998,Yug Khosla,Dermatology,14,"MBBS, MD",HOS069
DOC0999,Daksh Kanda,Pulmonology,26,"MBBS, DM",HOS082
DOC1000,Isha Ghose,Psychiatry,5,"MBBS, MS",HOS090
DOC1001,Warjas Nadkarni,Nephrology,16,MBBS,HOS032
DOC1002,Ayaan Pandey,Cardiology,28,MBBS,HOS059
DOC1003,Raghav Tailor,ENT,4,"MBBS, MS",HOS086
DOC1004,Parth Swaminathan,Urology,12,MBBS,HOS002
DOC1005,Gautam Bhalla,Urology,9,"MBBS, MCh",HOS002
DOC1006,Theodore Bahri,Neurology,32,"MBBS, MS",HOS067
DOC1007,Aadi Narula,Dermatology,17,"MBBS, MD",HOS048
DOC1008,Kalpit Oak,Neurology,18,"MBBS, MCh",HOS114
DOC1009,Ekiya Bhargava,Cardiology,2,"MBBS, MS",HOS104
DOC1010,Manbir Dhar,Nephrology,18,"MBBS, DM",HOS009
DOC1011,Janya Bora,Oncology,5,"MBBS, DNB",HOS059
DOC1012,Meghana Chaudhuri,Dermatology,24,MBBS,HOS064
DOC1013,Chasmum Naidu,Radiology,11,"MBBS, MS",HOS021
DOC1014,Nakul Sarkar,Oncology,7,"MBBS, DM",HOS087
DOC1015,Edhitha Ghosh,Urology,8,"MBBS, MD",HOS095
DOC1016,Udant Gill,Dermatology,1,MBBS,HOS110
DOC1017,Damyanti Menon,Radiology,1,"MBBS, MD",HOS006
DOC1018,Peter Agarwal,Gastroenterology,24,"MBBS, DNB",HOS118
DOC1019,Bachittar Gopal,Neurology,12,MBBS,HOS071
DOC1020,Timothy Chawla,Psychiatry,27,"MBBS, MD",HOS042
DOC1021,Lohit Narula,Orthopedics,27,"MBBS, MCh",HOS041
DOC1022,Wazir Palan,Oncology,5,"MBBS, DM",HOS048
DOC1023,Oliver Chakrabarti,Cardiology,33,"MBBS, MCh",HOS116
DOC1024,Sanya Apte,General Medicine,12,"MBBS, MD",HOS103
DOC1025,Shaurya Krish,Dermatology,3,"MBBS, DNB",HOS009
DOC1026,Inaya Kunda,Emergency Medicine,30,"MBBS, MS",HOS100
DOC1027,Aarav Bava,Radiology,20,"MBBS, MS",HOS012
DOC1028,Raksha Saini,Dermatology,30,MBBS,HOS048
DOC1029,Odika Tailor,Orthopedics,19,"MBBS, DM",HOS101
DOC1030,Indali Prashad,Oncology,16,"MBBS, DNB",HOS048
DOC1031,Varenya Kar,ENT,32,"MBBS, MD",HOS094
DOC1032,Siya Borah,Emergency Medicine,35,"MBBS, MD",HOS020
DOC1033,Chaitaly Bahri,General Medicine,27,MBBS,HOS030
DOC1034,Advika Cheema,Dermatology,23,"MBBS, MCh",HOS108
DOC1035,Hema Garde,Urology,1,"MBBS, MS",HOS001
DOC1036,Naveen Borde,Psychiatry,25,"MBBS, MCh",HOS094
DOC1037,Hamsini Subramanian,Oncology,7,"MBBS, MD",HOS068
DOC1038,Raagini Gala,Orthopedics,27,"MBBS, DNB",HOS008
DOC1039,Naksh Bera,Neurology,18,MBBS,HOS006
DOC1040,Garima Jha,Emergency Medicine,15,"MBBS, DM",HOS053
DOC1041,Nimrat Zachariah,Urology,24,"MBBS, DNB",HOS096
DOC1042,Baghyawati Mishra,Cardiology,7,"MBBS, DM",HOS018
DOC1043,Gopal Bawa,Gynecology,26,MBBS,HOS076
DOC1044,Vritti Dube,ENT,4,"MBBS, DNB",HOS085
DOC1045,Jalsa Aggarwal,Neurology,16,"MBBS, MS",HOS034
DOC1046,Gagan Menon,Radiology,21,"MBBS, DNB",HOS090
DOC1047,Ryan Chatterjee,Radiology,21,"MBBS, MS",HOS058
DOC1048,Samuel Garde,Oncology,15,MBBS,HOS026
DOC1049,Finn Solanki,Neurology,7,"MBBS, MD",HOS014
DOC1050,Darika Rao,Neurology,29,"MBBS, DNB",HOS041
DOC1051,Vrinda Lanka,Nephrology,8,"MBBS, DM",HOS046
DOC1052,Lila Goyal,Psychiatry,14,"MBBS, DNB",HOS040
DOC1053,Lakshmi Pingle,Gastroenterology,17,MBBS,HOS012
DOC1054,Sanaya Basu,Neurology,20,"MBBS, MCh",HOS090
DOC1055,Ria Shroff,ENT,3,"MBBS, MD",HOS107
DOC1056,Upkaar Luthra,Radiology,21,"MBBS, MD",HOS012
DOC1057,Matthew Chatterjee,Urology,16,"MBBS, MS",HOS051
DOC1058,Hemangini Sachdev,Dermatology,4,"MBBS, MCh",HOS039
DOC1059,Darsh Ram,Oncology,12,MBBS,HOS052
DOC1060,Vaishnavi Keer,Radiology,29,"MBBS, DM",HOS096
DOC1061,Chandani Brar,Dermatology,16,MBBS,HOS060
DOC1062,Bakhshi Thakkar,Cardiology,9,MBBS,HOS002
DOC1063,Jai Sen,General Medicine,15,"MBBS, MD",HOS026
DOC1064,Oliver Kakar,Radiology,26,"MBBS, MS",HOS088
DOC1065,Jonathan Basak,Gynecology,6,"MBBS, DM",HOS076
DOC1066,Farhan Saran,Oncology,5,MBBS,HOS009
DOC1067,Manbir Kuruvilla,Orthopedics,29,"MBBS, MD",HOS012
DOC1068,Ekalinga Chahal,Emergency Medicine,22,MBBS,HOS006
DOC1069,Mekhala Nanda,Gastroenterology,4,"MBBS, MD",HOS119
DOC1070,Zinal Shanker,ENT,28,"MBBS, MCh",HOS051
DOC1071,Oni Chowdhury,Gastroenterology,2,"MBBS, DNB",HOS088
DOC1072,Mason Divan,Nephrology,12,"MBBS, MS",HOS028
DOC1073,Hitesh Chaudhuri,Emergency Medicine,12,"MBBS, MS",HOS036
DOC1074,Hemangini Roy,Gastroenterology,10,MBBS,HOS079
DOC1075,Leela Sunder,ENT,16,"MBBS, MCh",HOS038
DOC1076,Baljiwan Gera,Gastroenterology,27,"MBBS, DM",HOS062
DOC1077,Neha Dhawan,General Medicine,6,"MBBS, MS",HOS050
DOC1078,Balvan Randhawa,Neurology,27,"MBBS, MD",HOS083
DOC1079,Wazir Bawa,Emergency Medicine,34,"MBBS, MD",HOS081
DOC1080,Amruta Pradhan,Psychiatry,35,MBBS,HOS049
DOC1081,Geetika Mitter,Psychiatry,23,"MBBS, DNB",HOS070
DOC1082,Avni Swamy,Psychiatry,32,"MBBS, MS",HOS117
DOC1083,Vedant Desai,ENT,33,"MBBS, MS",HOS050
DOC1084,Saanvi Nagi,Oncology,12,MBBS,HOS041
DOC1085,Omaja Chakraborty,ENT,15,MBBS,HOS115
DOC1086,Riya Kakar,Psychiatry,18,MBBS,HOS104
DOC1087,Vedhika Varty,Gastroenterology,34,"MBBS, MS",HOS099
DOC1088,Daksh Varma,ENT,15,"MBBS, MD",HOS013
DOC1089,Dominic Mukhopadhyay,Orthopedics,16,"MBBS, MS",HOS069
DOC1090,Krishna Viswanathan,Radiology,4,"MBBS, MD",HOS074
DOC1091,Oscar Hans,Radiology,25,"MBBS, MS",HOS120
DOC1092,Dalbir Krish,Radiology,12,"MBBS, MD",HOS031
DOC1093,Tanmayi Bedi,ENT,21,"MBBS, MCh",HOS090
DOC1094,Rushil Mahal,Pulmonology,2,"MBBS, MCh",HOS090
DOC1095,Ucchal Tiwari,Pulmonology,10,"MBBS, DM",HOS025
DOC1096,Jatin Balasubramanian,Radiology,32,"MBBS, DM",HOS040
DOC1097,Kashish Suresh,Neurology,32,MBBS,HOS012
DOC1098,Peter Som,General Medicine,15,"MBBS, DM",HOS029
DOC1099,Hemangini Gade,General Medicine,34,"MBBS, DNB",HOS001
DOC1100,Gautam Mane,Pulmonology,13,"MBBS, MD",HOS044
DOC1101,Libni Bawa,Urology,12,"MBBS, MS",HOS008
DOC1102,Tanish Kant,General Medicine,10,"MBBS, DM",HOS091
DOC1103,Samuel Luthra,Emergency Medicine,10,MBBS,HOS109
DOC1104,Yochana Bahri,Dermatology,24,MBBS,HOS048
DOC1105,Urvi Deo,Urology,26,"MBBS, DM",HOS013
DOC1106,Abhiram Kapur,Pulmonology,20,"MBBS, MS",HOS018
DOC1107,Dalaja Maharaj,Neurology,28,"MBBS, MCh",HOS063
DOC1108,Krisha Palla,Gynecology,21,"MBBS, MD",HOS091
DOC1109,Zayyan Kamdar,Dermatology,23,"MBBS, MD",HOS086
DOC1110,Chasmum Verma,ENT,12,"MBBS, DNB",HOS040
DOC1111,Harsh Amble,Urology,19,"MBBS, MD",HOS023
DOC1112,Barkha Misra,Urology,1,"MBBS, MCh",HOS074
DOC1113,Vasatika Bhatt,Nephrology,3,"MBBS, MD",HOS078
DOC1114,Aradhana Nair,Pulmonology,15,"MBBS, MCh",HOS073
DOC1115,Advika Misra,Cardiology,32,"MBBS, MD",HOS043
DOC1116,Mason Varughese,Urology,5,"MBBS, MD",HOS045
DOC1117,Dakshesh Raval,Pulmonology,11,"MBBS, MCh",HOS114
DOC1118,Logan Bal,Cardiology,22,"MBBS, DNB",HOS002
DOC1119,Chakrika Lad,Oncology,14,"MBBS, MD",HOS089
DOC1120,Nidhi Rama,Cardiology,23,"MBBS, MS",HOS101
DOC1121,Ranveer Oza,Cardiology,1,MBBS,HOS050
DOC1122,Vamakshi Parmer,Gastroenterology,27,"MBBS, MD",HOS114
DOC1123,Onkar Golla,Nephrology,32,"MBBS, DNB",HOS045
DOC1124,Gunbir Sinha,Dermatology,25,MBBS,HOS107
DOC1125,Aarna Goswami,Gastroenterology,15,"MBBS, MD",HOS058
DOC1126,Gaurav Kapadia,Cardiology,3,"MBBS, MS",HOS003
DOC1127,Udant Mohanty,Pulmonology,17,MBBS,HOS010
DOC1128,Garima Prabhu,Pulmonology,11,"MBBS, DNB",HOS021
DOC1129,Chaitaly Sheth,Urology,5,"MBBS, DM",HOS115
DOC1130,Upma Bera,Cardiology,22,"MBBS, DM",HOS079
DOC1131,Urmi Hayer,Emergency Medicine,31,"MBBS, MCh",HOS004
DOC1132,Lakshmi Wagle,Nephrology,11,"MBBS, DM",HOS114
DOC1133,Odika Bhagat,Nephrology,11,MBBS,HOS013
DOC1134,Laksh Iyer,Pulmonology,14,"MBBS, MD",HOS053
DOC1135,Nimrat Shankar,Urology,35,"MBBS, MS",HOS085
DOC1136,Diya Gole,Oncology,20,"MBBS, MD",HOS013
DOC1137,Vinaya Natarajan,General Medicine,26,"MBBS, DM",HOS071
DOC1138,Dhriti Bhardwaj,Radiology,32,"MBBS, MD",HOS007
DOC1139,Siya Mahal,Pulmonology,1,"MBBS, DNB",HOS012
DOC1140,Om Dutt,Oncology,31,"MBBS, MD",HOS013
DOC1141,Gaurang Dayal,General Medicine,14,"MBBS, MD",HOS082
DOC1142,Pushti Raval,Oncology,6,"MBBS, DNB",HOS109
DOC1143,Vansha Rajagopal,Cardiology,20,"MBBS, DNB",HOS061
DOC1144,Baljiwan Walla,Gastroenterology,17,MBBS,HOS083
DOC1145,Kashvi Atwal,Dermatology,25,"MBBS, MD",HOS048
DOC1146,Rayaan Badami,Emergency Medicine,25,"MBBS, MS",HOS024
DOC1147,Yuvraj Kara,Gastroenterology,3,"MBBS, MS",HOS057
DOC1148,Devika Dayal,Gastroenterology,17,"MBBS, MD",HOS108
DOC1149,Leela Thakur,Oncology,4,"MBBS, MD",HOS097
DOC1150,Oliver Bhattacharyya,Urology,7,MBBS,HOS086
DOC1151,Chanchal Mannan,Pulmonology,35,"MBBS, DNB",HOS097
DOC1152,Zinal Viswanathan,ENT,15,"MBBS, DM",HOS008
DOC1153,Radha Desai,Radiology,25,"MBBS, DM",HOS054
DOC1154,Vrishti Parmer,Dermatology,31,"MBBS, DM",HOS113
DOC1155,Nitesh Raval,Orthopedics,31,"MBBS, MS",HOS011
DOC1156,Vedant Kapur,Nephrology,3,"MBBS, DM",HOS074
DOC1157,Siddharth Bains,Emergency Medicine,34,"MBBS, DM",HOS087
DOC1158,Jatin Peri,ENT,10,MBBS,HOS097
DOC1159,Keya Kumer,Gastroenterology,12,"MBBS, MD",HOS028
DOC1160,Chanakya Chokshi,Psychiatry,13,"MBBS, MD",HOS006
DOC1161,Chanakya D’Alia,Nephrology,6,"MBBS, MCh",HOS056
DOC1162,Sachi Rai,Orthopedics,10,"MBBS, DM",HOS034
DOC1163,Zayyan Som,Pulmonology,5,MBBS,HOS050
DOC1164,Samesh Andra,Dermatology,26,"MBBS, DM",HOS042
DOC1165,Osha Chaudhuri,Radiology,18,"MBBS, DM",HOS059
DOC1166,Laksh Sahota,Emergency Medicine,1,"MBBS, MCh",HOS080
DOC1167,Yasti Dalal,ENT,34,"MBBS, DNB",HOS015
DOC1168,Ishaan Cherian,Nephrology,10,"MBBS, MD",HOS073
DOC1169,Rushil Iyengar,ENT,7,MBBS,HOS073
DOC1170,Saksham Parmar,Psychiatry,7,"MBBS, MS",HOS112
DOC1171,Chakrika Dyal,Dermatology,23,"MBBS, DNB",HOS034
DOC1172,Watika Johal,Nephrology,32,"MBBS, DM",HOS078
DOC1173,Ganga Keer,Gastroenterology,3,"MBBS, MD",HOS036
DOC1174,Agastya Chakraborty,Nephrology,10,"MBBS, DM",HOS078
DOC1175,Wakeeta Dixit,Gynecology,26,MBBS,HOS051
DOC1176,Yasti Borde,Emergency Medicine,22,"MBBS, MCh",HOS031
DOC1177,Aahana Kashyap,General Medicine,31,"MBBS, MS",HOS115
DOC1178,Chaman Lalla,Pulmonology,2,"MBBS, MS",HOS105
DOC1179,Chandresh Chaudhry,Psychiatry,20,"MBBS, MS",HOS036
DOC1180,Balveer Mannan,Radiology,32,"MBBS, MCh",HOS088
DOC1181,Dhriti Sandhu,Cardiology,15,"MBBS, MD",HOS039
DOC1182,Girish Bath,Urology,29,"MBBS, MS",HOS035
DOC1183,Lakshit Garde,Urology,27,"MBBS, DM",HOS083
DOC1184,Ishita Sarma,Cardiology,13,"MBBS, DNB",HOS028
DOC1185,Girik Pradhan,Emergency Medicine,27,"MBBS, MCh",HOS063
DOC1186,Qadim Comar,Psychiatry,34,"MBBS, MS",HOS106
DOC1187,Mugdha Shan,General Medicine,33,"MBBS, MD",HOS009
DOC1188,Lekha Sridhar,Oncology,33,"MBBS, DNB",HOS018
DOC1189,Ojas Chowdhury,Psychiatry,34,"MBBS, DM",HOS004
DOC1190,Daniel Dutta,Neurology,13,"MBBS, MD",HOS108
DOC1191,Omaja Subramanian,General Medicine,16,MBBS,HOS059
DOC1192,Pratyush Raghavan,General Medicine,24,"MBBS, MCh",HOS026
DOC1193,Ayush De,Oncology,24,"MBBS, DNB",HOS065
DOC1194,Vinaya Chowdhury,Nephrology,8,"MBBS, MCh",HOS004
DOC1195,Ridhi Batra,Orthopedics,24,"MBBS, DNB",HOS077
DOC1196,Advika Murthy,Gastroenterology,12,"MBBS, DNB",HOS076
DOC1197,Udarsh Nigam,Dermatology,23,"MBBS, MS",HOS021
DOC1198,Rachita Kothari,Radiology,17,"MBBS, MCh",HOS107
DOC1199,Hiral Rajan,Urology,6,"MBBS, MS",HOS004
DOC1200,Chatura Apte,Nephrology,4,"MBBS, MD",HOS110
DOC1201,Yashasvi Singh,ENT,14,"MBBS, MD",HOS083
DOC1202,Noah Borde,Orthopedics,14,"MBBS, MS",HOS084
DOC1203,Ekani Khosla,Nephrology,33,MBBS,HOS111
DOC1204,Arunima Bedi,Psychiatry,1,"MBBS, DNB",HOS117
DOC1205,Kritika Rau,Neurology,12,"MBBS, DM",HOS103
DOC1206,Farhan Sharaf,General Medicine,15,"MBBS, MS",HOS078
DOC1207,Sara Chakrabarti,Psychiatry,20,"MBBS, MCh",HOS091
DOC1208,Sanya Mutti,Gynecology,18,"MBBS, DNB",HOS115
DOC1209,Widisha Badami,Nephrology,23,"MBBS, DNB",HOS033
DOC1210,Netra Sachar,Orthopedics,30,"MBBS, MS",HOS087
DOC1211,Aadi Chand,Dermatology,26,"MBBS, DM",HOS014
DOC1212,Yashoda Jhaveri,General Medicine,33,"MBBS, MCh",HOS108
DOC1213,Harita Patla,Radiology,24,"MBBS, DM",HOS083
DOC1214,Udant Sha,ENT,19,"MBBS, MS",HOS088
DOC1215,Urvashi Patla,Cardiology,31,MBBS,HOS044
DOC1216,Ishaan Chatterjee,Oncology,21,"MBBS, MS",HOS034
DOC1217,Aarnav Om,Gynecology,20,"MBBS, MD",HOS020
DOC1218,Bishakha Vig,Dermatology,16,MBBS,HOS104
DOC1219,Hitesh Bath,Radiology,26,"MBBS, MCh",HOS041
DOC1220,Waida Dey,Gynecology,9,"MBBS, MCh",HOS004
DOC1221,Hredhaan Kumar,Gynecology,32,"MBBS, MS",HOS034
DOC1222,Raghav Dara,Emergency Medicine,27,"MBBS, DNB",HOS050
DOC1223,Tanveer Shankar,Urology,3,"MBBS, DM",HOS091
DOC1224,Hamsini Chokshi,ENT,13,"MBBS, MS",HOS093
DOC1225,Chakradhar Dasgupta,Urology,15,"MBBS, MCh",HOS069
DOC1226,Tanvi Thaman,Gynecology,31,"MBBS, MCh",HOS046
DOC1227,Wishi Agrawal,Dermatology,20,"MBBS, MD",HOS108
DOC1228,Rachita Subramanian,Gynecology,12,"MBBS, MS",HOS013
DOC1229,Oscar Dave,Gastroenterology,9,"MBBS, MCh",HOS034
DOC1230,Lila Nagy,Urology,12,"MBBS, MCh",HOS116
DOC1231,Omya Kothari,Pulmonology,6,"MBBS, MD",HOS046
DOC1232,Mitali Oza,Orthopedics,20,"MBBS, DNB",HOS101
DOC1233,Sneha Deol,Emergency Medicine,22,"MBBS, MS",HOS034
DOC1234,Nitara Vala,ENT,19,"MBBS, DNB",HOS109
DOC1235,Dipta Kalla,Cardiology,31,MBBS,HOS111
DOC1236,Shaurya Mannan,Gynecology,5,"MBBS, DNB",HOS114
DOC1237,Kevin Gokhale,Orthopedics,33,MBBS,HOS112
DOC1238,Jack Pandey,Gynecology,25,"MBBS, DM",HOS039
DOC1239,Omisha Walla,Nephrology,4,"MBBS, MD",HOS018
DOC1240,Pahal Arya,Orthopedics,22,"MBBS, DNB",HOS073
DOC1241,Aryan Raj,Emergency Medicine,30,"MBBS, MD",HOS041
DOC1242,Chatresh Bhalla,Radiology,12,MBBS,HOS063
DOC1243,Amara Dyal,Pulmonology,12,"MBBS, MS",HOS082
DOC1244,Zashil Dhingra,General Medicine,1,"MBBS, DNB",HOS036
DOC1245,Chakrika Jani,Orthopedics,11,"MBBS, DM",HOS098
DOC1246,Jagrati Sethi,Neurology,32,MBBS,HOS017
DOC1247,Udarsh Ramachandran,ENT,28,"MBBS, MCh",HOS055
DOC1248,Yasti Mani,Nephrology,28,"MBBS, DNB",HOS050
DOC1249,Lakshmi Ram,General Medicine,3,"MBBS, DM",HOS026
DOC1250,Dhriti Bhagat,Urology,24,MBBS,HOS115
DOC1251,Zayan Jain,Pulmonology,34,"MBBS, MD",HOS003
DOC1252,Umang Pillai,Gynecology,1,"MBBS, MCh",HOS094
DOC1253,Rishi Menon,Orthopedics,15,"MBBS, MCh",HOS113
DOC1254,Peter Borde,Pulmonology,20,"MBBS, MD",HOS014
DOC1255,Oscar Varkey,Nephrology,33,"MBBS, DM",HOS040
DOC1256,Krishna Baria,Neurology,5,MBBS,HOS039
DOC1257,Arya Lalla,Oncology,30,"MBBS, MCh",HOS067
DOC1258,Naveen Kumer,ENT,34,"MBBS, MS",HOS056
DOC1259,Ganga Shukla,Emergency Medicine,9,"MBBS, MS",HOS116
DOC1260,Balveer Dube,Gastroenterology,23,"MBBS, MD",HOS022
DOC1261,Charan Mitra,Emergency Medicine,26,MBBS,HOS030
DOC1262,Ishita Bora,Orthopedics,9,"MBBS, MD",HOS094
DOC1263,Thomas Gour,General Medicine,33,"MBBS, MD",HOS016
DOC1264,Yashasvi Dutta,Pulmonology,3,"MBBS, DNB",HOS113
DOC1265,Netra Chanda,Gynecology,17,"MBBS, DM",HOS080
DOC1266,Timothy Kala,General Medicine,4,"MBBS, MCh",HOS014
DOC1267,Garima Patel,Gynecology,2,MBBS,HOS089
DOC1268,Tejas Wali,Cardiology,27,"MBBS, DNB",HOS049
DOC1269,Aditya Contractor,Cardiology,17,"MBBS, DNB",HOS090
DOC1270,Sanaya Khosla,Neurology,14,"MBBS, MCh",HOS088
DOC1271,Balveer Nagi,Gynecology,1,"MBBS, MS",HOS054
DOC1272,Ishaan Raju,Gynecology,7,"MBBS, MCh",HOS067
DOC1273,Barkha Bakshi,Oncology,9,"MBBS, DNB",HOS107
DOC1274,Yoshita Trivedi,Emergency Medicine,7,"MBBS, DM",HOS093
DOC1275,Vidhi Bassi,ENT,8,"MBBS, MS",HOS015
DOC1276,Reyansh Nagi,Psychiatry,7,"MBBS, DNB",HOS026
DOC1277,Gopal Ganesh,ENT,13,"MBBS, MS",HOS107
DOC1278,Dominic Kade,Dermatology,13,"MBBS, MS",HOS091
DOC1279,Panini Chawla,Nephrology,19,"MBBS, MD",HOS006
DOC1280,Radhika Bora,Dermatology,32,"MBBS, MD",HOS089
DOC1281,Arjun Sharaf,Emergency Medicine,31,"MBBS, MS",HOS031
DOC1282,Baljiwan Chahal,General Medicine,1,"MBBS, MCh",HOS012
DOC1283,Chatura Gokhale,Emergency Medicine,8,"MBBS, DM",HOS086
DOC1284,Ekavir Kari,Gastroenterology,10,MBBS,HOS100
DOC1285,Nikita Rama,Dermatology,5,"MBBS, MCh",HOS093
DOC1286,Nidhi Sant,Cardiology,17,"MBBS, MCh",HOS030
DOC1287,Anay Ramachandran,Gastroenterology,19,"MBBS, MS",HOS060
DOC1288,Abeer Bhatnagar,General Medicine,7,"MBBS, MD",HOS112
DOC1289,Elijah Parmar,General Medicine,19,"MBBS, MS",HOS103
DOC1290,Bimala Mitra,Gynecology,21,"MBBS, DNB",HOS095
DOC1291,Baghyawati Sarma,Cardiology,7,MBBS,HOS002
DOC1292,Megha Balasubramanian,Radiology,9,"MBBS, MCh",HOS083
DOC1293,Naksh Walla,Neurology,22,"MBBS, MS",HOS115
DOC1294,Laban Raman,Gastroenterology,18,"MBBS, MCh",HOS012
DOC1295,Maanas Misra,Pulmonology,22,"MBBS, MD",HOS015
DOC1296,Advay Dhaliwal,Nephrology,26,"MBBS, DNB",HOS035
DOC1297,Benjamin Ahluwalia,Radiology,25,"MBBS, MCh",HOS109
DOC1298,Frederick Mody,Gastroenterology,27,"MBBS, MCh",HOS114
DOC1299,Hemangini Kakar,Psychiatry,11,MBBS,HOS017
DOC1300,Yauvani Dhar,Urology,4,"MBBS, MD",HOS014
DOC1301,Qarin Kant,Nephrology,31,"MBBS, DM",HOS087
DOC1302,Rishi Contractor,Gastroenterology,12,"MBBS, DM",HOS049
DOC1303,Chatura Shenoy,Psychiatry,23,"MBBS, DM",HOS004
DOC1304,Bina Bhavsar,Radiology,9,"MBBS, DNB",HOS118
DOC1305,Guneet Hora,Gastroenterology,8,"MBBS, DNB",HOS057
DOC1306,Ganga Parikh,General Medicine,5,"MBBS, MS",HOS084
DOC1307,Wahab Chaudhry,Pulmonology,1,"MBBS, MCh",HOS112
DOC1308,Ekaraj Hari,Gynecology,34,"MBBS, MCh",HOS074
DOC1309,Vedika Seshadri,Urology,15,"MBBS, MCh",HOS112
DOC1310,Damini Dua,Pulmonology,34,"MBBS, DM",HOS089
DOC1311,Diya Sangha,Urology,7,"MBBS, DNB",HOS085
DOC1312,Aayush Munshi,Urology,16,"MBBS, DNB",HOS045
DOC1313,Timothy Sarin,Gynecology,25,"MBBS, MD",HOS108
DOC1314,Jagvi Desai,Radiology,4,MBBS,HOS083
DOC1315,Varsha Shere,Emergency Medicine,11,"MBBS, DM",HOS109
DOC1316,Jagrati Mody,Gastroenterology,32,"MBBS, MD",HOS010
DOC1317,Ikbal Gill,Psychiatry,32,"MBBS, MS",HOS031
DOC1318,Avni Dey,Pulmonology,18,MBBS,HOS065
DOC1319,Adya Bose,Orthopedics,25,"MBBS, DNB",HOS105
DOC1320,Anirudh Tripathi,Orthopedics,6,"MBBS, DNB",HOS057
DOC1321,Nidhi Kala,Psychiatry,29,MBBS,HOS110
DOC1322,Abha Zacharia,Gastroenterology,29,"MBBS, MS",HOS016
DOC1323,Manthan Pau,Gastroenterology,2,MBBS,HOS052
DOC1324,Udant Mannan,Nephrology,3,"MBBS, DM",HOS071
DOC1325,Ucchal Thaker,General Medicine,6,"MBBS, DM",HOS080
DOC1326,Mekhala Patla,Gynecology,20,"MBBS, DM",HOS072
DOC1327,William Gandhi,Orthopedics,30,"MBBS, MS",HOS047
DOC1328,Sanaya Dutta,Radiology,4,"MBBS, MD",HOS109
DOC1329,Madhav Sule,Gastroenterology,22,"MBBS, DM",HOS099
DOC1330,Banjeet Kanda,ENT,31,"MBBS, MCh",HOS085
DOC1331,Vincent Bhatnagar,Pulmonology,29,MBBS,HOS013
DOC1332,Kala Kaur,Psychiatry,15,MBBS,HOS044
DOC1333,Samuel Vasa,Pulmonology,19,"MBBS, DM",HOS067
DOC1334,Lipika Singh,Pulmonology,7,MBBS,HOS115
DOC1335,Chakradhar Baral,Neurology,32,"MBBS, MD",HOS106
DOC1336,Harshil Verma,Urology,27,MBBS,HOS033
DOC1337,Adya Ghosh,ENT,13,"MBBS, MD",HOS016
DOC1338,Kritika Pau,Emergency Medicine,26,"MBBS, MD",HOS059
DOC1339,Zansi Krishnamurthy,Radiology,13,"MBBS, MCh",HOS044
DOC1340,Udant Varty,Cardiology,27,MBBS,HOS119
DOC1341,Ira Pai,Gynecology,8,"MBBS, DNB",HOS059
DOC1342,Vasatika Ahuja,Gynecology,33,"MBBS, MD",HOS064
DOC1343,Ria Gandhi,General Medicine,34,"MBBS, MCh",HOS007
DOC1344,Faraj Varkey,Dermatology,28,"MBBS, DM",HOS062
DOC1345,Siddharth Doctor,Emergency Medicine,33,"MBBS, MD",HOS089
DOC1346,Nakul Pathak,ENT,12,"MBBS, MCh",HOS105
DOC1347,Victor Sachdeva,Neurology,7,"MBBS, DNB",HOS085
DOC1348,Ishaan Subramaniam,ENT,21,"MBBS, DM",HOS113
DOC1349,Varenya Kade,Nephrology,27,"MBBS, DM",HOS118
DOC1350,Nirja Bains,Urology,16,"MBBS, MS",HOS051
DOC1351,Caleb Datta,Pulmonology,19,"MBBS, DNB",HOS104
DOC1352,Krish Vala,Neurology,9,"MBBS, DNB",HOS078
DOC1353,Manan Bhalla,Urology,33,"MBBS, MS",HOS108
DOC1354,Aarna Gole,Urology,21,"MBBS, MCh",HOS095
DOC1355,Anirudh Mander,Emergency Medicine,14,"MBBS, MD",HOS027
DOC1356,Tarak Sen,ENT,19,"MBBS, MCh",HOS045
DOC1357,Vasatika Garde,Emergency Medicine,9,"MBBS, MCh",HOS084
DOC1358,Nirja Dhar,Neurology,33,"MBBS, DM",HOS089
DOC1359,Yasti Lalla,Gynecology,21,"MBBS, MCh",HOS015
DOC1360,Hema Setty,Psychiatry,23,"MBBS, DM",HOS062
DOC1361,Victor Radhakrishnan,ENT,27,"MBBS, MCh",HOS096
DOC1362,Kevin Chopra,Emergency Medicine,35,"MBBS, MS",HOS113
DOC1363,Samaksh Virk,Radiology,28,MBBS,HOS067
DOC1364,Mason Char,Cardiology,2,"MBBS, DNB",HOS019
DOC1365,Vamakshi Barad,General Medicine,4,"MBBS, MD",HOS035
DOC1366,Girik Subramaniam,Psychiatry,11,"MBBS, MS",HOS088
DOC1367,Aarav Sankar,Oncology,10,MBBS,HOS089
DOC1368,Kamala Bassi,Psychiatry,19,"MBBS, MD",HOS097
DOC1369,Veer Subramaniam,Dermatology,3,"MBBS, MS",HOS105
DOC1370,Inaya Chaudhari,Gastroenterology,7,"MBBS, DM",HOS112
DOC1371,Krish Kumar,Gynecology,15,"MBBS, MCh",HOS083
DOC1372,Viraj Chacko,Dermatology,25,"MBBS, MD",HOS066
DOC1373,Nilima Kurian,Psychiatry,19,"MBBS, MCh",HOS086
DOC1374,Abdul Amble,General Medicine,25,"MBBS, DNB",HOS054
DOC1375,Zinal Amble,Psychiatry,21,"MBBS, DM",HOS007
DOC1376,Samesh Mutti,General Medicine,17,"MBBS, MD",HOS080
DOC1377,Janaki Chhabra,Radiology,29,"MBBS, MD",HOS117
DOC1378,Pooja Kulkarni,Gynecology,24,"MBBS, DM",HOS070
DOC1379,Pallavi Pau,Urology,13,"MBBS, MCh",HOS025
DOC1380,Mekhala Jani,Oncology,29,"MBBS, MD",HOS088
DOC1381,Vasudha Gola,Cardiology,12,"MBBS, MD",HOS095
DOC1382,Veda Kulkarni,Dermatology,8,"MBBS, DNB",HOS006
DOC1383,Hemangini Rao,Nephrology,18,"MBBS, DM",HOS034
DOC1384,Jagat Karpe,Neurology,11,"MBBS, DM",HOS109
DOC1385,Neel Chaudhry,Oncology,1,"MBBS, MS",HOS060
DOC1386,Yashoda Rattan,Urology,10,MBBS,HOS020
DOC1387,Charles Dyal,Emergency Medicine,21,"MBBS, DM",HOS007
DOC1388,Abdul Chand,Psychiatry,20,"MBBS, DNB",HOS102
DOC1389,Urishilla Saran,ENT,23,MBBS,HOS101
DOC1390,Devansh Lall,Urology,21,"MBBS, DM",HOS029
DOC1391,Kamala Buch,Neurology,34,MBBS,HOS101
DOC1392,Leena Rattan,Dermatology,11,"MBBS, DNB",HOS070
DOC1393,Dakshesh Gill,Dermatology,26,MBBS,HOS045
DOC1394,Reva Anne,Orthopedics,14,"MBBS, MCh",HOS043
DOC1395,Zarna Mangal,Pulmonology,24,"MBBS, MS",HOS028
DOC1396,Bahadurjit Uppal,Psychiatry,34,"MBBS, DNB",HOS072
DOC1397,Omkaar Banik,Radiology,1,MBBS,HOS086
DOC1398,William Acharya,Pulmonology,29,"MBBS, MD",HOS116
DOC1399,Gabriel Majumdar,Gynecology,16,MBBS,HOS088
DOC1400,Ira Rana,Emergency Medicine,21,"MBBS, DNB",HOS118
DOC1401,Sai Vasa,Psychiatry,8,"MBBS, DNB",HOS033
DOC1402,Ekapad Chana,Dermatology,19,MBBS,HOS117
DOC1403,Ijaya Palan,Dermatology,24,"MBBS, DM",HOS103
DOC1404,Upkaar Hayer,Dermatology,29,"MBBS, DNB",HOS006
DOC1405,Netra Agrawal,Oncology,13,"MBBS, MS",HOS066
DOC1406,Parth Ray,Cardiology,7,"MBBS, MD",HOS099
DOC1407,Elijah Thakur,Dermatology,35,MBBS,HOS081
DOC1408,Harini Dada,Cardiology,14,"MBBS, MCh",HOS081
DOC1409,Zashil Savant,Psychiatry,14,"MBBS, MCh",HOS055
DOC1410,Veda Kohli,Radiology,7,"MBBS, MD",HOS069
DOC1411,Tara Sharma,Radiology,28,"MBBS, MCh",HOS105
DOC1412,Vasatika Dada,Cardiology,10,MBBS,HOS059
DOC1413,Ekansh Raja,Urology,22,MBBS,HOS012
DOC1414,Victor Mutti,Cardiology,4,"MBBS, MD",HOS102
DOC1415,Ira Varty,Oncology,5,"MBBS, DM",HOS106
DOC1416,Adya Kothari,Orthopedics,17,"MBBS, DNB",HOS050
DOC1417,Girik Rastogi,Gastroenterology,26,"MBBS, DNB",HOS041
DOC1418,Faqid Gokhale,General Medicine,25,"MBBS, MCh",HOS016
DOC1419,Dipta Pandya,Dermatology,1,"MBBS, MCh",HOS093
DOC1420,Amruta Goswami,ENT,5,"MBBS, MCh",HOS075
DOC1421,Wishi Iyengar,General Medicine,5,"MBBS, MS",HOS119
DOC1422,Wyatt Lanka,Dermatology,7,"MBBS, MS",HOS101
DOC1423,Veer Jain,Gynecology,20,"MBBS, DM",HOS012
DOC1424,Ishani Dugal,Oncology,29,"MBBS, DNB",HOS051
DOC1425,Jagdish Brar,Radiology,2,"MBBS, DNB",HOS021
DOC1426,Abeer Basak,Dermatology,15,"MBBS, MD",HOS096
DOC1427,Kamya Murty,Nephrology,35,"MBBS, MS",HOS082
DOC1428,Anvi Swaminathan,Neurology,20,"MBBS, MCh",HOS114
DOC1429,Yasti Mammen,Emergency Medicine,24,MBBS,HOS071
DOC1430,Tristan Dave,Radiology,10,MBBS,HOS006
DOC1431,Pallavi Sridhar,General Medicine,26,"MBBS, DM",HOS071
DOC1432,Yadavi Palan,Cardiology,20,"MBBS, MD",HOS096
DOC1433,Owen Shankar,Urology,23,"MBBS, MD",HOS053
DOC1434,Zarna Sharma,Emergency Medicine,33,"MBBS, MD",HOS021
DOC1435,Abhiram Arora,Neurology,15,"MBBS, DM",HOS107
DOC1436,Ladli Chaudhuri,Oncology,13,MBBS,HOS024
DOC1437,Janaki Lad,Gynecology,4,"MBBS, DM",HOS060
DOC1438,Adya Khalsa,Gynecology,5,"MBBS, MS",HOS086
DOC1439,Urishilla Oza,Cardiology,17,MBBS,HOS026
DOC1440,Qarin Tara,Urology,32,"MBBS, MS",HOS046
DOC1441,Shivansh Saini,Neurology,16,MBBS,HOS037
DOC1442,Janya Rattan,ENT,5,"MBBS, MD",HOS041
DOC1443,Shravya Gole,Gastroenterology,29,"MBBS, MS",HOS079
DOC1444,Veer Chaudhry,Gynecology,20,"MBBS, MCh",HOS075
DOC1445,Warinder Sankaran,Neurology,24,"MBBS, MS",HOS055
DOC1446,Rohan Dhingra,Neurology,1,"MBBS, MS",HOS032
DOC1447,Urvashi Andra,Psychiatry,15,"MBBS, MCh",HOS095
DOC1448,Oviya Tata,Gynecology,28,"MBBS, MS",HOS108
DOC1449,Zansi Walla,Pulmonology,9,"MBBS, MCh",HOS094
DOC1450,Vidhi Mital,Pulmonology,31,"MBBS, DNB",HOS058
DOC1451,Champak Rao,Pulmonology,20,"MBBS, DNB",HOS071
DOC1452,Nihal Bhasin,Cardiology,12,"MBBS, MCh",HOS078
DOC1453,Aachal Soni,Cardiology,18,"MBBS, MD",HOS115
DOC1454,Shivani Natt,Dermatology,13,"MBBS, MS",HOS094
DOC1455,Jalsa Parsa,Emergency Medicine,5,"MBBS, MCh",HOS010
DOC1456,Hemangini Bahri,Emergency Medicine,2,"MBBS, DM",HOS081
DOC1457,Jairaj Panchal,General Medicine,26,"MBBS, DM",HOS028
DOC1458,Owen Mane,Emergency Medicine,3,"MBBS, DM",HOS034
DOC1459,Ekta Uppal,Dermatology,35,"MBBS, DNB",HOS084
DOC1460,Sanya Brar,Psychiatry,10,"MBBS, MS",HOS051
DOC1461,Bhavini Sheth,Orthopedics,19,"MBBS, MD",HOS060
DOC1462,Oliver Nazareth,Dermatology,33,MBBS,HOS051
DOC1463,Nidhi Bora,Pulmonology,33,MBBS,HOS085
DOC1464,Neel Oza,Orthopedics,11,"MBBS, DM",HOS018
DOC1465,Dipta Nadig,Gastroenterology,11,"MBBS, MD",HOS073
DOC1466,Amara Rana,ENT,10,"MBBS, MCh",HOS094
DOC1467,Sai Patil,Gastroenterology,23,MBBS,HOS029
DOC1468,Odika Ganesh,Psychiatry,32,"MBBS, MD",HOS009
DOC1469,Arin Dass,Oncology,24,"MBBS, MD",HOS006
DOC1470,Zayan Buch,Gynecology,14,"MBBS, DM",HOS117
DOC1471,Ojas Ranganathan,Psychiatry,24,"MBBS, DNB",HOS061
DOC1472,Girish Bhatt,Emergency Medicine,30,MBBS,HOS006
DOC1473,Chatura Bal,Gynecology,21,MBBS,HOS091
DOC1474,Fiyaz Chawla,Dermatology,18,"MBBS, MCh",HOS034
DOC1475,Nachiket Chad,ENT,35,"MBBS, DM",HOS023
DOC1476,Dayamai Karnik,Nephrology,25,"MBBS, MS",HOS076
DOC1477,Bhanumati Savant,Gynecology,5,"MBBS, DM",HOS033
DOC1478,Karan Vyas,Nephrology,15,"MBBS, DM",HOS052
DOC1479,Ayush Banerjee,Pulmonology,23,"MBBS, DNB",HOS102
DOC1480,Eshana Soni,Gastroenterology,1,"MBBS, DM",HOS113
DOC1481,Anita Saxena,Neurology,29,"MBBS, MD",HOS030
DOC1482,Peter Shan,Cardiology,33,"MBBS, MCh",HOS036
DOC1483,Dayita Palan,Orthopedics,10,"MBBS, MD",HOS021
DOC1484,Utkarsh Chakraborty,Pulmonology,8,"MBBS, MCh",HOS030
DOC1485,Darika Pau,Nephrology,22,"MBBS, MCh",HOS015
DOC1486,Abha Dugal,Gastroenterology,31,"MBBS, DNB",HOS027
DOC1487,Advaith Acharya,ENT,11,"MBBS, MCh",HOS107
DOC1488,Hemangini Mangat,Nephrology,2,"MBBS, MD",HOS006
DOC1489,Abhiram Swamy,Neurology,11,"MBBS, MD",HOS081
DOC1490,Chandani Andra,Dermatology,3,"MBBS, DM",HOS019
DOC1491,Brinda Kashyap,General Medicine,11,"MBBS, MS",HOS119
DOC1492,Kashvi Gulati,Neurology,34,"MBBS, DNB",HOS077
DOC1493,Rajeshri Rana,ENT,2,"MBBS, MCh",HOS094
DOC1494,Nihal Ramakrishnan,Gynecology,19,MBBS,HOS028
DOC1495,Thomas Lall,Gastroenterology,31,"MBBS, DNB",HOS022
DOC1496,Pahal Khatri,Orthopedics,27,"MBBS, DM",HOS019
DOC1497,Bhavani Wali,Psychiatry,12,"MBBS, DM",HOS085
DOC1498,Nitara Guha,Dermatology,17,"MBBS, MD",HOS093
DOC1499,Qabil Deshpande,Gynecology,22,"MBBS, DNB",HOS077
DOC1500,Indrajit Shah,ENT,5,"MBBS, MD",HOS049
DOC1501,Anita Swamy,Nephrology,9,MBBS,HOS003
DOC1502,Ekani Bahl,Orthopedics,34,"MBBS, DM",HOS088
DOC1503,Chandran Warrior,Nephrology,10,"MBBS, DM",HOS013
DOC1504,Quincy Chaudry,Neurology,31,"MBBS, DM",HOS077
DOC1505,Amruta Dass,General Medicine,35,"MBBS, DM",HOS097
DOC1506,Abhiram Kaul,Cardiology,6,"MBBS, DNB",HOS085
DOC1507,Matthew Aurora,Neurology,35,MBBS,HOS115
DOC1508,Teerth Oommen,Psychiatry,28,"MBBS, DM",HOS054
DOC1509,Devika Tara,Pulmonology,3,"MBBS, MCh",HOS068
DOC1510,Ubika Balay,Nephrology,15,"MBBS, DNB",HOS102
DOC1511,Faris Dhingra,Psychiatry,25,"MBBS, MS",HOS076
DOC1512,Amaira Ramanathan,Psychiatry,7,"MBBS, DNB",HOS018
DOC1513,Upma Golla,Oncology,31,"MBBS, MD",HOS117
DOC1514,Zashil Raj,Radiology,6,"MBBS, MS",HOS077
DOC1515,Jairaj Kothari,Emergency Medicine,35,"MBBS, DNB",HOS033
DOC1516,Saanvi Kota,Orthopedics,1,"MBBS, MCh",HOS096
DOC1517,Rushil Sharma,Psychiatry,1,"MBBS, DM",HOS067
DOC1518,Sathvik Solanki,Cardiology,34,MBBS,HOS049
DOC1519,Devika Naidu,Gynecology,14,"MBBS, MCh",HOS103
DOC1520,Brijesh Verma,Pulmonology,27,"MBBS, MS",HOS014
DOC1521,Zehaan Srivastava,Neurology,28,"MBBS, MCh",HOS075
DOC1522,Rushil Patel,Oncology,17,"MBBS, DM",HOS055
DOC1523,Tejas Chowdhury,ENT,24,"MBBS, DM",HOS036
DOC1524,Radha Nair,Gynecology,26,"MBBS, MD",HOS053
DOC1525,Oliver Majumdar,Dermatology,31,"MBBS, MD",HOS048
DOC1526,Meghana Kibe,Dermatology,31,"MBBS, MS",HOS040
DOC1527,Brijesh Soman,ENT,23,"MBBS, MCh",HOS051
DOC1528,Kamya Chakraborty,Urology,9,"MBBS, MCh",HOS016
DOC1529,Nakul Tata,Urology,15,"MBBS, DNB",HOS101
DOC1530,Hamsini Bhasin,Urology,11,MBBS,HOS028
DOC1531,Ishani Dube,Dermatology,26,"MBBS, MS",HOS103
DOC1532,Jeremiah Sura,Dermatology,4,"MBBS, MD",HOS050
DOC1533,Edhitha Palan,Gynecology,1,MBBS,HOS106
DOC1534,Reyansh Bail,Neurology,31,"MBBS, DM",HOS056
DOC1535,Ishita Desai,Cardiology,5,"MBBS, MS",HOS029
DOC1536,Balveer Sundaram,Pulmonology,6,"MBBS, DM",HOS005
DOC1537,Chaitaly Suri,Urology,25,"MBBS, DNB",HOS079
DOC1538,Rachit Pall,Gynecology,34,"MBBS, MS",HOS092
DOC1539,Upadhriti Maharaj,ENT,4,"MBBS, MD",HOS082
DOC1540,Ekapad Wali,Gastroenterology,29,MBBS,HOS026
DOC1541,Shivani Merchant,Radiology,34,"MBBS, MS",HOS025
DOC1542,Jeevika Setty,General Medicine,33,"MBBS, DM",HOS090
DOC1543,Yashawini Raghavan,Orthopedics,11,"MBBS, MCh",HOS005
DOC1544,Anirudh Patla,Pulmonology,16,"MBBS, MCh",HOS001
DOC1545,Ekani Bhatnagar,Neurology,6,"MBBS, MS",HOS100
DOC1546,Ranveer Viswanathan,Nephrology,23,"MBBS, MCh",HOS051
DOC1547,Mitesh Mandal,Nephrology,13,"MBBS, DM",HOS002
DOC1548,Nimrat Nagy,Urology,5,MBBS,HOS071
DOC1549,Gopal Virk,Oncology,23,"MBBS, MS",HOS105
DOC1550,Caleb Dayal,Oncology,15,"MBBS, DM",HOS025
DOC1551,Azad Jaggi,Gastroenterology,26,"MBBS, DM",HOS001
DOC1552,Vedika Handa,Oncology,12,"MBBS, DNB",HOS065
DOC1553,Azad Rama,Cardiology,5,"MBBS, DM",HOS038
DOC1554,Aahana Bawa,Pulmonology,8,"MBBS, DM",HOS033
DOC1555,Timothy Bobal,Emergency Medicine,35,"MBBS, DM",HOS033
DOC1556,Sathvik Swamy,Urology,29,"MBBS, DNB",HOS073
DOC1557,Upadhriti Bhat,Gastroenterology,16,"MBBS, MS",HOS100
DOC1558,Ojasvi Pillay,Gastroenterology,30,"MBBS, DM",HOS111
DOC1559,Amaira Wadhwa,General Medicine,31,MBBS,HOS034
DOC1560,Ekavir Modi,Cardiology,25,"MBBS, MCh",HOS101
DOC1561,Tarak Venkataraman,Orthopedics,15,"MBBS, MS",HOS053
DOC1562,Harrison Kashyap,Pulmonology,34,"MBBS, DM",HOS002
DOC1563,Ranveer Hans,Urology,17,"MBBS, MD",HOS037
DOC1564,Praneel Sagar,Cardiology,26,"MBBS, MCh",HOS096
DOC1565,Ishita Shanker,Radiology,22,MBBS,HOS071
DOC1566,Hemang Ganesan,Emergency Medicine,12,"MBBS, DNB",HOS041
DOC1567,Neelima Thaman,Pulmonology,14,"MBBS, DM",HOS035
DOC1568,Nakul Walla,Neurology,13,"MBBS, DNB",HOS095
DOC1569,Indira Murty,Orthopedics,16,"MBBS, MCh",HOS031
DOC1570,Kamya Sachar,Radiology,17,"MBBS, MD",HOS030
DOC1571,Ekiya Khosla,Orthopedics,16,"MBBS, DM",HOS046
DOC1572,Keya Kumar,Neurology,7,MBBS,HOS118
DOC1573,Sneha Sem,Cardiology,32,"MBBS, DM",HOS001
DOC1574,Aadi Banerjee,Psychiatry,35,MBBS,HOS109
DOC1575,Amol Vasa,Gastroenterology,24,"MBBS, DM",HOS041
DOC1576,Chasmum Ahuja,Gastroenterology,18,"MBBS, DNB",HOS024
DOC1577,Tristan Kala,Psychiatry,33,"MBBS, MS",HOS051
DOC1578,Anthony Majumdar,Orthopedics,9,MBBS,HOS068
DOC1579,Girindra Barad,Psychiatry,28,"MBBS, DNB",HOS070
DOC1580,Ishani Dugal,General Medicine,33,"MBBS, MS",HOS051
DOC1581,Alka Peri,Radiology,12,"MBBS, DNB",HOS016
DOC1582,Viraj Kunda,Urology,34,"MBBS, DNB",HOS041
DOC1583,George Ratta,Urology,1,MBBS,HOS087
DOC1584,Faras Nair,Orthopedics,25,"MBBS, DM",HOS013
DOC1585,Oscar Sura,Pulmonology,24,"MBBS, DM",HOS111
DOC1586,Charita Barad,Oncology,12,"MBBS, DM",HOS034
DOC1587,Farhan Bhalla,Orthopedics,18,"MBBS, DNB",HOS079
DOC1588,Ijaya Saraf,Pulmonology,24,"MBBS, MD",HOS064
DOC1589,Jai Karan,Nephrology,14,"MBBS, DNB",HOS090
DOC1590,Lavanya Bhagat,Psychiatry,24,"MBBS, MS",HOS110
DOC1591,Benjamin Nagar,Nephrology,18,"MBBS, DNB",HOS024
DOC1592,Eta Thakkar,ENT,9,"MBBS, DM",HOS088
DOC1593,Michael Bedi,Orthopedics,7,"MBBS, MCh",HOS035
DOC1594,Sanaya Thaman,Psychiatry,16,"MBBS, DM",HOS056
DOC1595,Tristan Sankaran,Radiology,25,"MBBS, MD",HOS019
DOC1596,Meera Divan,Psychiatry,10,"MBBS, DNB",HOS104
DOC1597,Gayathri Butala,General Medicine,12,"MBBS, DNB",HOS064
DOC1598,Chandran Rastogi,Neurology,34,"MBBS, DM",HOS093
DOC1599,Frederick Rastogi,Pulmonology,32,"MBBS, MS",HOS033
DOC1600,Kalpit Deshmukh,Dermatology,4,"MBBS, DNB",HOS013
DOC1601,Rudra Sura,Urology,11,MBBS,HOS028
DOC1602,Rohan Viswanathan,Radiology,17,"MBBS, DNB",HOS108
DOC1603,Xavier Bora,Gynecology,7,"MBBS, DNB",HOS096
DOC1604,Qushi Naik,Pulmonology,17,"MBBS, MS",HOS047
DOC1605,Isaiah Sachdev,Dermatology,17,"MBBS, MS",HOS003
DOC1606,Jasmit Pall,Nephrology,8,"MBBS, MS",HOS112
DOC1607,Ekani Padmanabhan,Gynecology,13,"MBBS, DM",HOS074
DOC1608,Dalaja Gara,Gynecology,35,"MBBS, MD",HOS100
DOC1609,Riya Dhingra,Oncology,23,"MBBS, MS",HOS087
DOC1610,Chaitanya Kaur,Dermatology,32,"MBBS, MCh",HOS058
DOC1611,Kashvi Dugal,Emergency Medicine,6,"MBBS, DNB",HOS079
DOC1612,Isaiah Bhagat,Oncology,30,"MBBS, MCh",HOS019
DOC1613,Manbir Mani,Radiology,11,"MBBS, MCh",HOS104
DOC1614,Hemal Choudhry,Emergency Medicine,22,"MBBS, DNB",HOS081
DOC1615,Shivani Sinha,ENT,26,MBBS,HOS011
DOC1616,Garima Kadakia,Neurology,22,"MBBS, MD",HOS041
DOC1617,Samar Virk,Pulmonology,19,"MBBS, MCh",HOS035
DOC1618,Vasudha Dhaliwal,ENT,26,"MBBS, MS",HOS114
DOC1619,Krisha Vyas,Gastroenterology,24,"MBBS, MCh",HOS076
DOC1620,Aadhya Garde,Dermatology,29,"MBBS, DNB",HOS022
DOC1621,Bhanumati Iyer,Neurology,2,"MBBS, MD",HOS094
DOC1622,Chatresh Shroff,Orthopedics,17,"MBBS, MCh",HOS090
DOC1623,Ekalinga Rama,Urology,6,"MBBS, MD",HOS022
DOC1624,Jagvi Chokshi,Nephrology,7,MBBS,HOS009
DOC1625,Brinda Raju,Emergency Medicine,31,"MBBS, DM",HOS007
DOC1626,Lajita Trivedi,General Medicine,26,"MBBS, DM",HOS098
DOC1627,Diya Sundaram,Cardiology,7,"MBBS, MS",HOS080
DOC1628,Quincy Issac,Neurology,6,"MBBS, MCh",HOS120
DOC1629,Anthony Baral,Emergency Medicine,25,"MBBS, MS",HOS030
DOC1630,Dalaja Nath,Orthopedics,19,"MBBS, DNB",HOS081
DOC1631,Maya Dugar,Neurology,9,"MBBS, DM",HOS108
DOC1632,Idika Pandey,Neurology,2,MBBS,HOS085
DOC1633,Chasmum Keer,Pulmonology,21,"MBBS, DNB",HOS060
DOC1634,David Kurian,Radiology,35,"MBBS, MS",HOS071
DOC1635,Ayushman Mammen,Gastroenterology,9,"MBBS, MCh",HOS070
DOC1636,Max Om,Neurology,30,"MBBS, MCh",HOS096
DOC1637,Laksh Chahal,Gynecology,28,"MBBS, DM",HOS082
DOC1638,Utkarsh Sahni,Gynecology,35,"MBBS, MS",HOS117
DOC1639,Michael Sandhu,Pulmonology,31,"MBBS, DM",HOS030
DOC1640,Forum Sen,Psychiatry,6,"MBBS, DNB",HOS040
DOC1641,Samuel Devi,Pulmonology,27,"MBBS, MS",HOS020
DOC1642,Lakshit More,Oncology,1,MBBS,HOS067
DOC1643,Qushi Dhillon,Radiology,9,"MBBS, MS",HOS037
DOC1644,Eesha Bir,Gastroenterology,35,MBBS,HOS089
DOC1645,Qarin Nadkarni,Emergency Medicine,32,"MBBS, DNB",HOS039
DOC1646,Ayushman Nagar,General Medicine,28,"MBBS, MS",HOS077
DOC1647,Nisha Mitter,Orthopedics,1,"MBBS, DM",HOS048
DOC1648,Anusha Doshi,Orthopedics,27,"MBBS, DM",HOS056
DOC1649,Hredhaan Deep,Nephrology,16,"MBBS, MD",HOS092
DOC1650,Atharv Loke,Urology,25,"MBBS, DNB",HOS029
DOC1651,Vincent Kashyap,Oncology,6,"MBBS, DNB",HOS081
DOC1652,Jagrati Buch,Orthopedics,34,"MBBS, DM",HOS104
DOC1653,Krish Thakkar,Urology,18,"MBBS, MS",HOS084
DOC1654,Kashvi Gour,Urology,35,"MBBS, MS",HOS053
DOC1655,Vyanjana Som,Orthopedics,5,"MBBS, MD",HOS018
DOC1656,Nihal Hans,Oncology,8,"MBBS, MCh",HOS059
DOC1657,Bachittar Rege,ENT,29,"MBBS, MS",HOS090
DOC1658,Anamika Sachar,ENT,32,"MBBS, MD",HOS042
DOC1659,Samaksh Jayaraman,General Medicine,10,MBBS,HOS069
DOC1660,Peter Sarna,General Medicine,12,MBBS,HOS037
DOC1661,Ekta Shankar,Oncology,9,"MBBS, MCh",HOS057
DOC1662,Prisha Ravel,Urology,1,"MBBS, MD",HOS012
DOC1663,Lajita Munshi,Neurology,1,"MBBS, DNB",HOS028
DOC1664,Balvan Verma,Pulmonology,27,"MBBS, MS",HOS101
DOC1665,Siya Shan,Psychiatry,32,"MBBS, MS",HOS060
DOC1666,Yatan Venkataraman,Urology,3,"MBBS, MS",HOS011
DOC1667,Balveer Ram,Radiology,10,MBBS,HOS035
DOC1668,Ranveer Manne,Psychiatry,26,MBBS,HOS070
DOC1669,Mitali Modi,Gastroenterology,12,"MBBS, MD",HOS115
DOC1670,Triya Ganesan,Radiology,17,"MBBS, DNB",HOS107
DOC1671,Chaitaly Bhagat,General Medicine,8,"MBBS, MCh",HOS032
DOC1672,Ubika Seth,Nephrology,29,"MBBS, MD",HOS095
DOC1673,Xiti Chowdhury,General Medicine,13,"MBBS, DNB",HOS095
DOC1674,Krishna Ramaswamy,Psychiatry,7,"MBBS, DM",HOS086
DOC1675,Ekiya Seshadri,Orthopedics,31,"MBBS, DNB",HOS088
DOC1676,Praneel Setty,Oncology,21,"MBBS, MD",HOS081
DOC1677,Suhani Chana,Urology,3,"MBBS, MCh",HOS120
DOC1678,Ekiya Gade,Dermatology,34,MBBS,HOS033
DOC1679,Gavin Comar,Gastroenterology,20,"MBBS, MD",HOS047
DOC1680,Janani Chada,Emergency Medicine,4,"MBBS, MCh",HOS028
DOC1681,Yasti Dutta,Cardiology,16,"MBBS, MCh",HOS056
DOC1682,Lajita Bassi,Pulmonology,1,"MBBS, MD",HOS102
DOC1683,Gautami Doctor,Oncology,8,"MBBS, DNB",HOS102
DOC1684,Maanav Gola,Orthopedics,1,MBBS,HOS075
DOC1685,Oni Morar,Psychiatry,31,"MBBS, MCh",HOS077
DOC1686,Sanaya Mani,Neurology,24,MBBS,HOS032
DOC1687,Jacob Deep,Neurology,32,MBBS,HOS088
DOC1688,Aarush Kulkarni,ENT,22,"MBBS, MCh",HOS008
DOC1689,Tara Tank,General Medicine,23,"MBBS, MCh",HOS020
DOC1690,Abdul Tak,Urology,35,MBBS,HOS017
DOC1691,Teerth Soni,Gastroenterology,15,"MBBS, MS",HOS072
DOC1692,Nimrat Sathe,Psychiatry,23,"MBBS, DNB",HOS094
DOC1693,Abeer Konda,Orthopedics,2,"MBBS, MCh",HOS049
DOC1694,Sarthak Bawa,Pulmonology,9,"MBBS, MS",HOS116
DOC1695,Manbir Bhakta,General Medicine,32,"MBBS, MCh",HOS057
DOC1696,Balhaar Dhillon,Dermatology,19,"MBBS, DM",HOS090
DOC1697,Chanchal Narula,Gastroenterology,13,"MBBS, DM",HOS024
DOC1698,Chandran Chopra,Dermatology,23,"MBBS, MS",HOS094
DOC1699,Pranav Edwin,Gastroenterology,18,"MBBS, DM",HOS118
DOC1700,Peter Shah,Radiology,11,MBBS,HOS068
DOC1701,Balendra Chander,Neurology,29,"MBBS, MS",HOS105
DOC1702,Ekantika Pillay,Oncology,35,"MBBS, MS",HOS059
DOC1703,Ekansh Sane,General Medicine,33,"MBBS, DNB",HOS094
DOC1704,Brinda Sinha,Neurology,2,"MBBS, DM",HOS110
DOC1705,Jairaj Maharaj,Pulmonology,16,"MBBS, MS",HOS093
DOC1706,Odika Vohra,Cardiology,35,"MBBS, DNB",HOS025
DOC1707,Shaurya Bhardwaj,Dermatology,32,"MBBS, DM",HOS020
DOC1708,Gagan Sule,ENT,19,"MBBS, MS",HOS053
DOC1709,Prisha Nadig,Gynecology,21,MBBS,HOS013
DOC1710,Irya Dayal,Dermatology,5,MBBS,HOS107
DOC1711,Zinal Tank,Neurology,12,MBBS,HOS026
DOC1712,Pranit Kaul,Cardiology,32,"MBBS, MD",HOS013
DOC1713,Rishi Agarwal,General Medicine,25,"MBBS, MCh",HOS063
DOC1714,Arjun Shroff,Dermatology,17,MBBS,HOS047
DOC1715,Sarthak Sachdeva,Orthopedics,5,MBBS,HOS120
DOC1716,Chakradev Nath,Emergency Medicine,14,"MBBS, MCh",HOS063
DOC1717,Simon Apte,Emergency Medicine,6,"MBBS, DNB",HOS103
DOC1718,Baghyawati Kumar,Gynecology,4,"MBBS, MS",HOS072
DOC1719,Darika Mital,Urology,27,"MBBS, MS",HOS102
DOC1720,Abeer Comar,Urology,4,"MBBS, DM",HOS035
DOC1721,Harita Randhawa,Dermatology,3,"MBBS, MCh",HOS010
DOC1722,Parth Hari,Radiology,20,MBBS,HOS028
DOC1723,Hamsini Srinivas,Dermatology,7,MBBS,HOS093
DOC1724,Balendra Deshpande,Orthopedics,35,"MBBS, DNB",HOS025
DOC1725,Nachiket Sharma,Orthopedics,34,"MBBS, MCh",HOS032
DOC1726,Turvi Sachdev,ENT,12,"MBBS, DM",HOS096
DOC1727,Chandani Mutti,Dermatology,27,"MBBS, MCh",HOS014
DOC1728,Sathvik Narula,Psychiatry,23,"MBBS, MCh",HOS059
DOC1729,Dominic Dixit,Urology,28,MBBS,HOS022
DOC1730,Azaan Nori,Psychiatry,12,"MBBS, DM",HOS052
DOC1731,Noah Ramachandran,Dermatology,22,"MBBS, MCh",HOS021
DOC1732,Jackson Morar,Dermatology,29,"MBBS, MS",HOS116
DOC1733,Azad Magar,Pulmonology,21,"MBBS, MS",HOS053
DOC1734,Gabriel Taneja,Psychiatry,28,"MBBS, MCh",HOS042
DOC1735,Kamya Seth,ENT,16,"MBBS, DM",HOS070
DOC1736,Tarak Vohra,Orthopedics,25,"MBBS, DM",HOS119
DOC1737,Parth Choudhury,Urology,17,"MBBS, MS",HOS058
DOC1738,Baljiwan Jaggi,Gastroenterology,26,MBBS,HOS093
DOC1739,Sachi Toor,General Medicine,19,"MBBS, DM",HOS003
DOC1740,Vasudha Tella,Dermatology,9,"MBBS, MS",HOS001
DOC1741,Ranveer Oak,Oncology,15,"MBBS, MD",HOS110
DOC1742,Dayita Narang,Pulmonology,2,"MBBS, MCh",HOS106
DOC1743,Guneet Varty,Oncology,33,"MBBS, DM",HOS074
DOC1744,Samesh Bansal,Emergency Medicine,10,MBBS,HOS005
DOC1745,Lila Vig,Gastroenterology,23,"MBBS, MD",HOS018
DOC1746,Aayush Mukhopadhyay,Oncology,24,"MBBS, DM",HOS032
DOC1747,Gagan Nath,Orthopedics,17,"MBBS, MS",HOS012
DOC1748,Chakradhar Chauhan,ENT,26,"MBBS, DM",HOS118
DOC1749,Arin Muni,Orthopedics,5,"MBBS, MCh",HOS042
DOC1750,Ekani Iyer,Psychiatry,31,"MBBS, MD",HOS063
DOC1751,Bhavini Malhotra,Radiology,7,"MBBS, DM",HOS083
DOC1752,Ridhi Dalal,Oncology,3,"MBBS, MCh",HOS104
DOC1753,Manthan Dugar,ENT,25,MBBS,HOS100
DOC1754,Ishwar Aurora,General Medicine,22,"MBBS, MS",HOS113
DOC1755,Samuel Palla,Radiology,28,"MBBS, DNB",HOS120
DOC1756,Anika Dhaliwal,Radiology,8,"MBBS, MD",HOS096
DOC1757,Yash Garg,Gynecology,1,"MBBS, MCh",HOS100
DOC1758,Deepa Nigam,Gynecology,25,MBBS,HOS040
DOC1759,Chandresh De,Dermatology,3,"MBBS, MS",HOS070
DOC1760,Urishilla Bedi,ENT,10,"MBBS, MS",HOS065
DOC1761,Leela Bhagat,Urology,15,"MBBS, MD",HOS007
DOC1762,Pooja Ramanathan,Gynecology,26,"MBBS, DNB",HOS097
DOC1763,Sanaya Parekh,ENT,33,MBBS,HOS029
DOC1764,Gaurangi Hora,Nephrology,19,"MBBS, DNB",HOS019
DOC1765,Udyati Deep,Neurology,22,MBBS,HOS061
DOC1766,Upadhriti Chatterjee,ENT,4,"MBBS, DM",HOS052
DOC1767,Dayita Shroff,Oncology,6,"MBBS, DNB",HOS065
DOC1768,Vincent Kapur,Nephrology,9,"MBBS, MD",HOS062
DOC1769,Aarna Patla,Dermatology,13,"MBBS, DNB",HOS051
DOC1770,Qadim Narayanan,Gynecology,13,"MBBS, DM",HOS079
DOC1771,Sudiksha Sura,Urology,34,"MBBS, MD",HOS032
DOC1772,Dhruv Soman,Cardiology,18,"MBBS, DNB",HOS042
DOC1773,Indali Srinivas,Gynecology,6,MBBS,HOS086
DOC1774,Onkar Mandal,Nephrology,28,"MBBS, MS",HOS045
DOC1775,Joshua Trivedi,Orthopedics,21,"MBBS, MS",HOS077
DOC1776,Nidra Chhabra,Gynecology,2,"MBBS, MS",HOS022
DOC1777,Ekavir Mittal,Pulmonology,29,"MBBS, DM",HOS019
DOC1778,Nandini Sachdev,Gastroenterology,3,"MBBS, MD",HOS026
DOC1779,Yagnesh Dutt,Gynecology,24,"MBBS, MD",HOS097
DOC1780,Leena Bhatti,Urology,6,MBBS,HOS095
DOC1781,Sathvik Sankar,General Medicine,16,"MBBS, DM",HOS119
DOC1782,Hema Keer,Neurology,19,MBBS,HOS044
DOC1783,Faras Sur,Urology,8,"MBBS, MS",HOS058
DOC1784,Ubika Nanda,Gastroenterology,2,"MBBS, MS",HOS027
DOC1785,Sai Goda,Urology,35,"MBBS, MD",HOS027
DOC1786,Nidra Boase,Dermatology,34,"MBBS, MS",HOS071
DOC1787,Ladli Narang,Gastroenterology,10,"MBBS, MCh",HOS090
DOC1788,Darsh Chana,Gynecology,2,"MBBS, DNB",HOS075
DOC1789,Liam Acharya,Emergency Medicine,34,MBBS,HOS033
DOC1790,Manthan Sethi,Neurology,4,"MBBS, MS",HOS026
DOC1791,Madhavi Sekhon,Psychiatry,18,MBBS,HOS060
DOC1792,Samesh Nadig,Gynecology,1,MBBS,HOS050
DOC1793,Daksha Saran,Gynecology,18,"MBBS, MCh",HOS110
DOC1794,Gaurav Anand,Emergency Medicine,24,MBBS,HOS003
DOC1795,Joshua Menon,Oncology,25,"MBBS, MD",HOS049
DOC1796,Kala Bera,Dermatology,7,"MBBS, MS",HOS063
DOC1797,Jagrati Choudhary,Radiology,35,MBBS,HOS024
DOC1798,Azaan Keer,Orthopedics,33,"MBBS, DNB",HOS072
DOC1799,Meera Nadkarni,Emergency Medicine,2,MBBS,HOS032
DOC1800,Nidra Raj,Emergency Medicine,34,"MBBS, MS",HOS043
DOC1801,Siddharth Ghose,Gastroenterology,26,"MBBS, MCh",HOS021
DOC1802,Liam Guha,General Medicine,23,"MBBS, MCh",HOS046
DOC1803,Jagvi Sahni,Pulmonology,20,"MBBS, MD",HOS065
DOC1804,Bhavya Dass,Oncology,4,"MBBS, MCh",HOS033
DOC1805,Advay Bora,Emergency Medicine,25,MBBS,HOS072
DOC1806,Maanas Sur,Oncology,15,"MBBS, MD",HOS044
DOC1807,Laban Chad,Emergency Medicine,26,"MBBS, MCh",HOS018
DOC1808,Ojasvi Shah,Cardiology,25,"MBBS, DM",HOS087
DOC1809,Pranit Sha,ENT,15,"MBBS, DNB",HOS031
DOC1810,Shivani Rajagopalan,ENT,10,"MBBS, DNB",HOS040
DOC1811,Upkaar Grewal,Emergency Medicine,22,"MBBS, DNB",HOS070
DOC1812,Abhimanyu Tara,Neurology,14,"MBBS, MCh",HOS018
DOC1813,Yachana Luthra,ENT,35,"MBBS, MCh",HOS103
DOC1814,Jeevika Bandi,Orthopedics,9,"MBBS, MS",HOS089
DOC1815,Vasudha Pillay,Urology,34,"MBBS, MD",HOS056
DOC1816,Vasatika Buch,Emergency Medicine,10,"MBBS, MCh",HOS120
DOC1817,Ati Shroff,ENT,11,"MBBS, MS",HOS009
DOC1818,Gaurang Korpal,Dermatology,35,"MBBS, MCh",HOS016
DOC1819,Faras Zacharia,Neurology,21,"MBBS, MD",HOS094
DOC1820,Chatresh Oza,General Medicine,21,"MBBS, DNB",HOS053
DOC1821,Upasna Setty,Oncology,29,"MBBS, MCh",HOS120
DOC1822,Garima Sama,Radiology,18,"MBBS, MD",HOS100
DOC1823,Chaitaly Mann,Orthopedics,7,"MBBS, MD",HOS024
DOC1824,Balendra Modi,General Medicine,18,"MBBS, DM",HOS073
DOC1825,Darsh Solanki,ENT,15,"MBBS, DM",HOS030
DOC1826,Charan Manne,Orthopedics,2,"MBBS, MS",HOS011
DOC1827,Bhavini Sundaram,Urology,31,"MBBS, MD",HOS065
DOC1828,Jonathan Tiwari,Radiology,31,"MBBS, MCh",HOS084
DOC1829,Arunima Krishnan,Pulmonology,12,"MBBS, DNB",HOS063
DOC1830,Avni Maharaj,Gastroenterology,9,"MBBS, MD",HOS025
DOC1831,Akshay Choudhury,Orthopedics,3,"MBBS, DNB",HOS098
DOC1832,Matthew Sekhon,General Medicine,18,"MBBS, DNB",HOS029
DOC1833,Parth Lal,Urology,13,"MBBS, MD",HOS009
DOC1834,Vedhika Golla,Neurology,29,"MBBS, DM",HOS063
DOC1835,Hemal Chad,Urology,21,"MBBS, DNB",HOS114
DOC1836,Mitesh Tandon,Orthopedics,28,"MBBS, DNB",HOS100
DOC1837,Leela Khanna,General Medicine,25,"MBBS, MCh",HOS041
DOC1838,Oliver Kade,Nephrology,35,"MBBS, DM",HOS083
DOC1839,Chatura Lalla,Emergency Medicine,3,"MBBS, DM",HOS014
DOC1840,Charles Ganesh,Gastroenterology,30,MBBS,HOS113
DOC1841,Mohini Soni,Orthopedics,34,"MBBS, DM",HOS051
DOC1842,Vamakshi Walia,Urology,3,"MBBS, DM",HOS050
DOC1843,Ladli Ramakrishnan,Dermatology,4,"MBBS, MD",HOS038
DOC1844,Adweta Dhillon,Gastroenterology,26,"MBBS, MS",HOS100
DOC1845,Advik Mani,Radiology,19,"MBBS, DNB",HOS022
DOC1846,Lavanya Mutti,Nephrology,19,"MBBS, DM",HOS118
DOC1847,Gunbir Wali,General Medicine,34,"MBBS, MD",HOS060
DOC1848,Rachana Mahajan,Radiology,29,MBBS,HOS093
DOC1849,Anamika Loke,Dermatology,8,"MBBS, MD",HOS100
DOC1850,Aadhya Raman,ENT,35,"MBBS, MD",HOS051
DOC1851,Wyatt Hayer,Nephrology,21,"MBBS, DNB",HOS004
DOC1852,Pranit Munshi,Neurology,30,"MBBS, DM",HOS115
DOC1853,Abhiram Bir,Urology,13,"MBBS, DNB",HOS012
DOC1854,Nisha Chaudhari,Oncology,21,"MBBS, MCh",HOS084
DOC1855,Sanaya Panchal,Emergency Medicine,11,"MBBS, MCh",HOS094
DOC1856,Bhanumati Krishnamurthy,Cardiology,6,MBBS,HOS091
DOC1857,Bahadurjit Bajwa,Gastroenterology,24,MBBS,HOS068
DOC1858,Dakshesh Kalla,Urology,25,"MBBS, MCh",HOS102
DOC1859,Jagdish Chadha,Dermatology,11,"MBBS, DNB",HOS071
DOC1860,Keya Goyal,Nephrology,3,"MBBS, MD",HOS117
DOC1861,Qarin Kulkarni,Pulmonology,10,"MBBS, MD",HOS112
DOC1862,Unni Borra,Neurology,12,"MBBS, MCh",HOS007
DOC1863,Aradhana Sane,Nephrology,20,"MBBS, MS",HOS094
DOC1864,Aarini Edwin,Psychiatry,29,"MBBS, MS",HOS081
DOC1865,Aradhana Bhatia,Neurology,8,"MBBS, MD",HOS026
DOC1866,Lipika Natarajan,General Medicine,17,MBBS,HOS059
DOC1867,Aarna Lanka,Gastroenterology,32,"MBBS, DM",HOS104
DOC1868,Ridhi Boase,General Medicine,32,"MBBS, MD",HOS028
DOC1869,Sai Ramaswamy,ENT,31,"MBBS, DNB",HOS053
DOC1870,Vyanjana Chopra,Gastroenterology,6,"MBBS, DM",HOS077
DOC1871,Raagini Kamdar,General Medicine,16,"MBBS, DM",HOS036
DOC1872,Riya Lad,ENT,14,MBBS,HOS024
DOC1873,Bakhshi Bora,Neurology,4,"MBBS, MCh",HOS045
DOC1874,Zashil Sehgal,General Medicine,10,MBBS,HOS086
DOC1875,Widisha Dixit,ENT,20,"MBBS, MS",HOS118
DOC1876,Baljiwan Ramakrishnan,Cardiology,4,MBBS,HOS054
DOC1877,Max Narayan,Neurology,11,"MBBS, MCh",HOS037
DOC1878,Aarush Varma,ENT,12,"MBBS, DNB",HOS096
DOC1879,Vanya Sarin,ENT,24,MBBS,HOS012
DOC1880,Ekaraj Zachariah,Psychiatry,20,"MBBS, MS",HOS048
DOC1881,Aarush Rajagopalan,Emergency Medicine,25,MBBS,HOS098
DOC1882,Jairaj Wason,Nephrology,5,"MBBS, MS",HOS061
DOC1883,Gauri Mitter,Neurology,8,"MBBS, MCh",HOS111
DOC1884,Christopher Chana,Oncology,22,"MBBS, DM",HOS053
DOC1885,Harini Buch,Dermatology,14,"MBBS, MCh",HOS027
DOC1886,Bimala Jain,ENT,4,MBBS,HOS074
DOC1887,Balveer Rajagopalan,Urology,34,MBBS,HOS062
DOC1888,Chandani Ramakrishnan,Urology,19,"MBBS, DNB",HOS078
DOC1889,Jagrati Sur,Radiology,21,"MBBS, MS",HOS068
DOC1890,Raksha Gupta,ENT,23,"MBBS, MD",HOS079
DOC1891,Balendra Hans,ENT,32,"MBBS, DM",HOS094
DOC1892,William Suresh,Gynecology,32,"MBBS, DNB",HOS104
DOC1893,Dev Zachariah,Neurology,15,"MBBS, MCh",HOS038
DOC1894,Xalak Walla,Orthopedics,1,MBBS,HOS004
DOC1895,Amol Bansal,Gastroenterology,8,"MBBS, MCh",HOS109
DOC1896,Daksh Nazareth,Orthopedics,27,"MBBS, DNB",HOS006
DOC1897,Nidra Dani,Pulmonology,23,"MBBS, DM",HOS104
DOC1898,Tara Yadav,Gynecology,14,MBBS,HOS082
DOC1899,Viraj Bora,Orthopedics,19,"MBBS, MS",HOS102
DOC1900,Lohit Suresh,Cardiology,20,"MBBS, MS",HOS065
DOC1901,Urishilla Bath,Dermatology,21,MBBS,HOS015
DOC1902,Kalpit Atwal,Gynecology,22,"MBBS, MS",HOS051
DOC1903,Chandresh Mohanty,Urology,2,"MBBS, MD",HOS025
DOC1904,Tanmayi Garde,Pulmonology,22,"MBBS, MCh",HOS062
DOC1905,Hitesh Comar,Emergency Medicine,31,MBBS,HOS083
DOC1906,Thomas Bhatnagar,Neurology,31,"MBBS, MD",HOS081
DOC1907,Pooja Nazareth,Gastroenterology,35,"MBBS, MS",HOS060
DOC1908,Ekta Dara,Psychiatry,27,"MBBS, MCh",HOS008
DOC1909,Ekanta Kala,Radiology,34,"MBBS, MS",HOS073
DOC1910,Oscar Nayak,Urology,21,"MBBS, DM",HOS069
DOC1911,Jai Mahal,General Medicine,14,"MBBS, DM",HOS088
DOC1912,Ojasvi Ganguly,Pulmonology,23,MBBS,HOS020
DOC1913,Nitesh Sarna,Oncology,2,"MBBS, MS",HOS049
DOC1914,Banjeet Deol,Gynecology,35,"MBBS, MD",HOS074
DOC1915,Krisha Dugar,ENT,25,"MBBS, MD",HOS077
DOC1916,Vidhi Buch,Cardiology,20,"MBBS, MCh",HOS110
DOC1917,Abhimanyu Gola,Pulmonology,3,"MBBS, MS",HOS053
DOC1918,Bhanumati Saha,Cardiology,32,"MBBS, MD",HOS048
DOC1919,Jonathan Jhaveri,Gastroenterology,20,"MBBS, MD",HOS068
DOC1920,Anika Virk,Oncology,12,MBBS,HOS048
DOC1921,Nisha Khare,Psychiatry,3,"MBBS, MD",HOS117
DOC1922,Baljiwan Gole,Cardiology,29,"MBBS, DM",HOS004
DOC1923,Gaurang Mitra,Psychiatry,31,"MBBS, DM",HOS020
DOC1924,Omya Agrawal,Orthopedics,22,"MBBS, DNB",HOS094
DOC1925,Rehaan Dalal,Radiology,34,"MBBS, MS",HOS100
DOC1926,Janaki Zacharia,Pulmonology,10,MBBS,HOS106
DOC1927,Ucchal Joshi,Dermatology,9,"MBBS, MD",HOS093
DOC1928,Chatresh Hari,General Medicine,30,"MBBS, DNB",HOS092
DOC1929,Manthan Som,Radiology,34,MBBS,HOS001
DOC1930,Patrick Dutta,Oncology,3,"MBBS, MCh",HOS109
DOC1931,Chatura Patla,ENT,6,"MBBS, MS",HOS060
DOC1932,Shaurya Saran,Emergency Medicine,3,MBBS,HOS067
DOC1933,Gaurika Setty,Psychiatry,20,MBBS,HOS074
DOC1934,Hemang Ben,Psychiatry,20,"MBBS, MCh",HOS115
DOC1935,Nakul Balakrishnan,Orthopedics,21,"MBBS, MD",HOS025
DOC1936,Yutika D’Alia,Oncology,18,"MBBS, DM",HOS041
DOC1937,Wahab Saxena,Psychiatry,29,"MBBS, MCh",HOS016
DOC1938,Oni Issac,Oncology,10,"MBBS, MD",HOS036
DOC1939,Victor Choudhary,Cardiology,1,"MBBS, DM",HOS072
DOC1940,Vedant Chaudhari,Dermatology,7,"MBBS, MD",HOS070
DOC1941,Nitara Iyengar,Pulmonology,21,"MBBS, MS",HOS019
DOC1942,Thomas Borah,Urology,19,"MBBS, DM",HOS032
DOC1943,Vedhika Bhagat,Neurology,5,"MBBS, MS",HOS079
DOC1944,Maanav Kalita,Emergency Medicine,22,"MBBS, DM",HOS057
DOC1945,Pranav Ram,General Medicine,9,MBBS,HOS061
DOC1946,Laban Shankar,Emergency Medicine,4,MBBS,HOS050
DOC1947,Jagrati Madan,General Medicine,6,"MBBS, DNB",HOS051
DOC1948,Gautami Datta,Neurology,29,"MBBS, DM",HOS046
DOC1949,Darpan Mand,Oncology,22,"MBBS, MD",HOS092
DOC1950,Indrajit Shroff,Psychiatry,35,MBBS,HOS119
DOC1951,Omya Garg,Psychiatry,30,"MBBS, DM",HOS017
DOC1952,Thomas Merchant,Cardiology,30,MBBS,HOS059
DOC1953,Onkar Karpe,Oncology,30,"MBBS, DNB",HOS030
DOC1954,Nisha Vig,Orthopedics,10,"MBBS, DM",HOS034
DOC1955,Tarak Solanki,Emergency Medicine,24,"MBBS, DNB",HOS024
DOC1956,Arya Atwal,Urology,22,"MBBS, MS",HOS059
DOC1957,Yatin Kota,Gastroenterology,2,MBBS,HOS061
DOC1958,Radha Kapadia,Cardiology,23,"MBBS, DNB",HOS060
DOC1959,Abdul Sahni,Radiology,11,"MBBS, MS",HOS099
DOC1960,Banjeet Singhal,Pulmonology,9,"MBBS, DM",HOS014
DOC1961,Pavani Wali,Nephrology,7,"MBBS, MS",HOS072
DOC1962,Varenya Chaudhari,Gynecology,5,"MBBS, MS",HOS069
DOC1963,Warhi Khosla,Gastroenterology,26,"MBBS, DM",HOS053
DOC1964,Advik Ray,Orthopedics,16,"MBBS, DM",HOS021
DOC1965,Kevin Parmer,Gastroenterology,25,MBBS,HOS044
DOC1966,William Chana,Orthopedics,28,"MBBS, DNB",HOS073
DOC1967,Varsha Mody,Psychiatry,22,"MBBS, DM",HOS089
DOC1968,Tripti Bajwa,Orthopedics,12,"MBBS, MCh",HOS086
DOC1969,Ubika Devi,Cardiology,32,MBBS,HOS076
DOC1970,Qasim Prabhakar,ENT,30,"MBBS, MS",HOS072
DOC1971,Aarav Bobal,Cardiology,29,"MBBS, MD",HOS040
DOC1972,Gaurangi Wali,Nephrology,5,"MBBS, DM",HOS014
DOC1973,Chaman Sandhu,Gynecology,25,"MBBS, MS",HOS064
DOC1974,Sarthak Buch,Gynecology,4,MBBS,HOS028
DOC1975,Christopher Varma,Radiology,9,"MBBS, DM",HOS116
DOC1976,Charan Choudhry,Psychiatry,1,"MBBS, MD",HOS085
DOC1977,Jasmit Shroff,Neurology,29,"MBBS, DM",HOS038
DOC1978,Jasmit Peri,Nephrology,29,"MBBS, MD",HOS027
DOC1979,Ekalinga Jayaraman,Gynecology,21,"MBBS, MS",HOS073
DOC1980,Gaurika Khare,Psychiatry,20,"MBBS, DNB",HOS092
DOC1981,Vanya Kadakia,Emergency Medicine,23,MBBS,HOS075
DOC1982,Ekani Pandit,General Medicine,33,"MBBS, DNB",HOS109
DOC1983,Yahvi Sampath,Neurology,19,MBBS,HOS048
DOC1984,Chatura Bhatnagar,Emergency Medicine,4,MBBS,HOS091
DOC1985,Hemani Sethi,Dermatology,23,MBBS,HOS111
DOC1986,Yachana Vyas,Oncology,2,"MBBS, MD",HOS056
DOC1987,Upma Wali,Urology,26,"MBBS, MCh",HOS041
DOC1988,Siya Pillai,Urology,25,"MBBS, DNB",HOS049
DOC1989,Raghav Shankar,Nephrology,35,"MBBS, MD",HOS085
DOC1990,Faris Raman,Neurology,31,"MBBS, MD",HOS025
DOC1991,Bhavya Bose,Dermatology,25,"MBBS, MS",HOS108
DOC1992,Nitesh Majumdar,Nephrology,10,"MBBS, MS",HOS112
DOC1993,Manbir Taneja,Gynecology,9,"MBBS, MD",HOS002
DOC1994,Samarth Verma,Cardiology,2,"MBBS, MD",HOS093
DOC1995,Chaaya Saha,Emergency Medicine,32,"MBBS, MCh",HOS056
DOC1996,Urvi Palan,Neurology,6,"MBBS, MD",HOS083
DOC1997,Sachi Bail,Psychiatry,27,"MBBS, DNB",HOS115
DOC1998,Ranbir Bhatnagar,Psychiatry,28,"MBBS, DM",HOS024
DOC1999,Vincent Venkatesh,Gastroenterology,33,"MBBS, DNB",HOS071
DOC2000,Nisha Oza,Radiology,29,"MBBS, DNB",HOS046
